id,x,y
0,-49.812344,-4.1721506
1,-39.45251,-18.72797
2,-39.187496,-0.7961841
3,-25.753172,-6.70336
4,-32.970398,-20.95936
5,-35.838226,-1.3890193
6,-26.221249,-5.600016
7,-34.62187,3.197356
8,-39.544838,-18.175526
9,-43.011265,6.9316688
10,-42.99155,8.179752
11,-35.359524,1.2490295
12,-30.640013,-13.052471
13,-51.948605,4.0003543
14,-28.601889,-4.3474383
15,-30.692461,5.60067
16,-25.354969,-13.542837
17,-35.217426,5.0374646
18,-35.31403,-19.906755
19,-33.03226,-5.0849743
20,-24.877586,-5.1378613
21,-28.290228,-15.826944
22,-25.14109,-5.9033704
23,-43.51604,-4.358759
24,-49.43559,-15.671722
25,-47.897533,-15.382606
26,-28.789766,-2.0699306
27,-48.62643,3.900034
28,-52.804092,6.591424
29,-44.091015,5.3072624
30,-49.08298,-16.730516
31,-25.879904,-0.64656615
32,-25.459608,-0.62184316
33,-36.001083,5.606776
34,-41.687553,3.3754346
35,-46.200275,-14.405694
36,-44.264744,8.658648
37,-40.402996,0.3931846
38,-40.779785,-10.698545
39,-46.312077,-8.108037
40,-51.335575,-5.0911527
41,-32.236725,7.443635
42,-41.08614,-12.147218
43,-48.903336,-8.008584
44,-45.89089,-10.65412
45,-46.374214,4.8607507
46,-32.276337,-20.067112
47,-44.19305,-8.656492
48,-51.52778,-5.5800643
49,-41.13689,-0.88415277
50,-45.993763,-14.974834
51,-51.984203,-6.0160875
52,-46.656975,-15.518349
53,-48.81012,-10.341351
54,-43.074677,-3.9747472
55,-32.286278,-12.923041
56,-36.646557,0.7700559
57,-32.33958,-20.132858
58,-41.304317,-16.56281
59,-31.12696,5.9341393
60,-49.333088,-16.350237
61,-44.896126,7.4039793
62,-35.677002,-2.3464677
63,-29.71754,-12.818749
64,-26.927351,-2.2254303
65,-54.067245,6.513921
66,-41.35217,-11.842836
67,-23.921516,-14.742207
68,-35.683105,0.6656058
69,-25.292084,-15.3113785
70,-42.289764,-15.701749
71,-43.018238,-3.2099338
72,-47.072594,-9.546612
73,-49.16653,3.8945963
74,-35.83922,-2.716596
75,-53.11639,1.7592366
76,-51.02682,-6.261362
77,-51.77302,6.723987
78,-52.885612,3.1114953
79,-34.17785,2.9996614
80,-39.53905,5.5502796
81,-39.882935,4.4006
82,-53.06229,2.53769
83,-33.107483,-17.955568
84,-45.634098,-1.1017616
85,-40.034924,-17.291544
86,-35.319405,-12.115035
87,-50.88475,-4.5706387
88,-33.00912,7.3831096
89,-35.77909,1.4584843
90,-52.37928,6.4514155
91,-39.41177,-0.704252
92,-38.277493,4.18513
93,-41.696854,3.7341793
94,-45.91699,4.804527
95,-49.701336,-15.398453
96,-45.071526,-0.08796118
97,-53.145287,6.3877125
98,-33.247227,5.7046885
99,-34.928425,-1.9160831
100,-41.8617,6.014984
101,-41.499626,-13.213538
102,-53.297073,3.2228005
103,-35.65841,-2.6313727
104,-36.526848,1.5267746
105,-24.288952,-5.479233
106,-34.39874,-11.619396
107,-30.319067,-15.599199
108,-28.925423,-3.7468178
109,-54.46901,5.736849
110,-24.627415,-1.2875932
111,-32.393024,-19.131105
112,-44.66401,6.642927
113,-31.123558,5.2524395
114,-50.8775,-4.0420165
115,-26.448334,-2.5645642
116,-46.796288,7.8698316
117,-47.03896,-15.4212475
118,-49.396946,-2.151989
119,-49.942955,-15.253758
120,-43.99436,1.3559834
121,-45.9412,-16.661572
122,-28.49596,-13.421314
123,-49.401016,-2.6165156
124,-37.096127,-18.154316
125,-47.637985,4.4746876
126,-49.66054,-14.589965
127,-28.290953,-5.5581822
128,-50.940044,7.1239986
129,-43.36729,8.381788
130,-35.653786,-12.613339
131,-43.836548,-2.0474217
132,-25.504995,0.124366604
133,-42.20515,-0.5612209
134,-33.93504,-19.019743
135,-32.854286,5.3896813
136,-35.011494,3.9454787
137,-44.053364,-4.8785048
138,-53.21383,1.7031093
139,-43.15609,-0.06850684
140,-37.381264,-19.761263
141,-47.882664,3.2112222
142,-47.583656,-15.881148
143,-41.36545,-16.520031
144,-48.838833,7.677381
145,-33.246742,-11.971751
146,-35.272034,-11.926834
147,-45.36371,8.45825
148,-31.86181,-14.952709
149,-30.710243,-14.725562
150,-35.118233,-15.42117
151,-41.327545,7.019527
152,-30.149067,-18.979248
153,-40.525303,-13.942939
154,-28.932344,-2.40978
155,-46.795788,-12.162368
156,-52.181473,6.26913
157,-44.00154,-7.3876133
158,-30.083836,-15.294279
159,-26.001337,-15.357007
160,-39.731964,-16.217575
161,-45.159744,-17.210007
162,-32.339676,3.875962
163,-48.683334,-15.035105
164,-33.735184,-20.736036
165,-47.060356,4.652457
166,-28.904625,-0.2710067
167,-42.48062,-4.7204757
168,-37.67157,4.016475
169,-43.754807,-2.4326465
170,-47.616795,-16.35227
171,-28.845507,-0.46149334
172,-53.56528,3.7862246
173,-39.53573,-12.603383
174,-28.61771,-1.7746793
175,-31.570847,6.93342
176,-45.611336,-0.45467204
177,-30.733437,5.275991
178,-41.70434,-0.04520336
179,-33.805004,-4.478301
180,-49.139297,-8.572035
181,-35.299545,-4.631477
182,-33.595737,-18.834301
183,-50.107033,-2.7315607
184,-51.81848,3.534536
185,-47.005444,5.3254085
186,-34.14307,1.8135314
187,-48.419025,-7.0709333
188,-32.200264,0.6683745
189,-39.982956,5.2706757
190,-46.897083,8.02158
191,-50.140877,7.3362274
192,-50.558582,6.7386775
193,-26.427475,-1.6680274
194,-39.680767,-0.6106018
195,-48.856476,-6.07646
196,-40.88641,-11.19966
197,-38.25864,-18.65144
198,-35.390396,-3.9523382
199,-51.227673,3.3483472
200,-31.67364,6.096165
201,-25.717129,-6.5399375
202,-42.111954,-10.44492
203,-33.98441,-4.4301353
204,-44.945465,0.33768415
205,-40.84503,6.979287
206,-41.323013,-0.02710215
207,-43.468945,7.1747437
208,-30.547491,-18.89715
209,-43.793865,1.2199878
210,-24.911127,-0.82462054
211,-25.87077,-14.424966
212,-28.097656,-1.3780032
213,-39.553524,-11.699422
214,-48.171974,6.402694
215,-32.13809,-15.188189
216,-47.256306,7.729124
217,-43.426216,-5.945962
218,-49.369133,-2.43257
219,-40.5237,-0.5445293
220,-39.14615,-11.386345
221,-38.945366,4.9865494
222,-41.649014,-0.59056133
223,-52.449802,7.8813396
224,-49.610493,-15.13292
225,-35.65991,-15.09856
226,-47.445576,-15.583497
227,-46.348495,9.637347
228,-47.514786,-14.783807
229,-38.260147,5.4583964
230,-39.410793,-10.906513
231,-38.319084,-19.28362
232,-22.68635,-3.052597
233,-48.451057,-16.655191
234,-38.561993,4.572858
235,-40.103146,-0.29098743
236,-36.41173,5.507461
237,-33.05334,7.3739853
238,-48.559505,-5.8638525
239,-42.520985,-4.359088
240,-34.17458,-19.355865
241,-52.35656,7.7589126
242,-28.720516,-16.520838
243,-34.777374,-12.488401
244,-44.89146,-3.6768806
245,-51.640312,6.3523264
246,-50.085995,-6.4635415
247,-26.95772,-4.958056
248,-51.76916,7.87648
249,-39.57204,-17.44021
250,-47.80709,-9.755948
251,-50.674885,-7.155492
252,-29.163645,-5.7269087
253,-52.99636,5.9138193
254,-35.89786,-21.841366
255,-27.721773,-6.2955284
256,-42.141403,4.645931
257,-33.05629,-14.358216
258,-23.892803,-14.700849
259,-30.420328,4.850627
260,-50.00294,-4.295961
261,-48.9421,5.143485
262,-39.605446,-12.562827
263,-49.76427,-16.056896
264,-40.6035,-11.764641
265,-45.985756,10.005543
266,-34.82429,-19.271803
267,-47.796185,6.5893
268,-26.829897,-14.906163
269,-26.41877,-13.897352
270,-24.747717,-15.003718
271,-52.562916,4.598477
272,-45.59455,9.5899725
273,-30.732973,-19.465054
274,-48.8006,-7.060631
275,-35.45654,-5.0098557
276,-39.81256,-15.362294
277,-28.92916,-7.464047
278,-25.259892,-14.9432335
279,-37.998966,-19.61619
280,-26.12265,-4.3651366
281,-52.901787,2.6740777
282,-48.05362,8.696727
283,-27.817383,-16.71014
284,-27.382013,-4.814921
285,-42.046356,-16.032213
286,-31.225689,5.1474648
287,-32.33177,0.28375036
288,-29.596323,-14.518571
289,-47.901466,5.791224
290,-25.28433,-0.24860665
291,-37.7308,-20.198448
292,-41.30451,-10.836375
293,-33.884365,-4.9696126
294,-53.871536,6.643033
295,-43.49574,6.5899
296,-26.728033,-15.630167
297,-25.600792,-2.8884287
298,-23.757296,-3.4641345
299,-44.145027,4.7973666
300,-39.923763,-16.2603
301,-24.391146,-0.69975775
302,-34.041904,5.4077387
303,-50.058395,7.039061
304,-46.12964,5.6461506
305,-33.40708,-20.150326
306,-34.51061,-12.5119295
307,-28.769297,-6.172493
308,-48.00435,-14.164687
309,-33.939484,-15.217995
310,-23.344313,-3.833226
311,-27.566444,-16.494404
312,-49.824303,-5.703882
313,-44.52325,-4.317171
314,-53.56331,2.4567633
315,-27.080717,-4.9076924
316,-28.029182,-3.5928822
317,-42.987606,-6.049387
318,-23.635738,-3.4131036
319,-25.036219,-4.6311464
320,-51.03647,-5.820001
321,-27.582502,-2.722288
322,-32.427677,4.0531373
323,-45.726414,-5.656916
324,-46.691338,-12.353422
325,-49.44009,-2.0372095
326,-48.3586,-14.521947
327,-39.5814,0.12205995
328,-40.87091,0.31431675
329,-42.183903,-2.0530555
330,-41.967636,-2.99442
331,-28.088173,-1.2137437
332,-34.579063,-21.069647
333,-25.237358,-13.215415
334,-37.44356,4.0416265
335,-42.01272,-10.928781
336,-51.311905,3.3345017
337,-48.65239,-15.816213
338,-27.56073,-14.634822
339,-44.077423,-9.459938
340,-39.78365,-16.77241
341,-46.05802,7.9156156
342,-32.16851,6.7836566
343,-32.78685,-19.565819
344,-33.483624,-21.746906
345,-49.478664,-6.981782
346,-26.69969,-0.71359396
347,-29.200455,-1.861268
348,-46.509777,-16.90793
349,-41.864502,-17.177141
350,-24.88474,-6.115488
351,-34.959908,-2.7422261
352,-48.008972,3.4296758
353,-49.591766,-6.6460304
354,-33.99296,1.8516169
355,-32.931,0.8579377
356,-32.778282,5.090066
357,-26.50467,-13.614598
358,-31.850336,7.1335278
359,-26.356699,-13.662252
360,-38.169537,5.5518355
361,-27.683153,-13.129858
362,-29.818714,-16.478256
363,-51.19381,-5.7762413
364,-39.18136,-10.160208
365,-34.98111,-1.7069514
366,-42.141357,-11.810052
367,-47.49312,5.2837596
368,-26.125816,-16.272099
369,-46.10051,-15.876646
370,-25.62114,-1.8363401
371,-29.195667,-15.586263
372,-23.140322,-3.5689397
373,-44.21915,-3.055952
374,-52.17976,-5.3246293
375,-44.759,9.59517
376,-35.20972,-19.054781
377,-32.801826,-16.929886
378,-34.255596,-15.02254
379,-43.700634,-2.8918035
380,-25.666294,-2.574498
381,-40.241573,3.5699072
382,-36.071877,-17.669476
383,-25.313133,-1.3302796
384,-32.51082,-15.925366
385,-24.534494,-5.758481
386,-27.74822,-13.24467
387,-53.441982,-3.5816352
388,-25.600128,-12.787316
389,-40.774963,6.901831
390,-49.28452,7.045532
391,-49.162296,-9.50148
392,-34.448673,-4.587454
393,-42.930313,-15.030611
394,-43.767365,-0.34969214
395,-27.108551,-14.679259
396,-37.005116,-21.91762
397,-29.516495,-15.605542
398,-29.404022,-2.5443597
399,-37.54368,4.761565
400,-45.855316,9.1643915
401,-44.308605,-1.1363645
402,-37.15687,-21.249393
403,-30.11853,4.5157633
404,-49.266933,-14.924083
405,-38.505768,3.552342
406,-33.84177,-19.764164
407,-49.99972,-2.3255103
408,-26.634995,-1.05998
409,-45.996693,8.137551
410,-42.317463,-6.544362
411,-53.69526,3.368245
412,-42.308117,-3.4598076
413,-47.102863,6.2962737
414,-32.37873,4.870511
415,-46.37234,-9.682636
416,-33.731796,6.27579
417,-24.191967,-2.0963237
418,-31.028328,4.6429105
419,-34.557915,-19.690153
420,-35.033104,-15.6438
421,-47.210503,-10.813544
422,-51.899265,5.841951
423,-38.270226,-18.701101
424,-32.48122,7.660075
425,-46.133106,-10.289451
426,-48.220516,-4.578662
427,-35.65602,-1.2103218
428,-39.696266,-14.949504
429,-46.379875,-17.046934
430,-26.475653,-16.473629
431,-48.30679,-15.389549
432,-33.349957,-12.861718
433,-24.15915,-2.3224866
434,-47.996025,5.13175
435,-38.275,-18.085333
436,-26.123007,-14.594976
437,-38.863598,4.2068377
438,-34.154713,-12.7564
439,-44.707626,-10.258592
440,-35.05761,-21.64833
441,-42.017574,5.4720287
442,-36.09579,-21.360607
443,-33.113434,-21.733019
444,-44.805073,4.958227
445,-34.377113,-21.081194
446,-52.33326,-5.415906
447,-27.605545,-15.896098
448,-31.636265,-13.681615
449,-33.53428,-12.823487
450,-34.236588,-0.1899546
451,-39.39061,-10.174986
452,-41.60299,4.4969606
453,-50.02434,2.8992975
454,-31.357332,-13.022005
455,-46.416283,8.580318
456,-49.897175,-7.5087914
457,-34.840435,5.029459
458,-32.9197,-5.069775
459,-27.073559,-11.874624
460,-28.509336,-14.056856
461,-35.21482,-21.713745
462,-49.34197,-3.815761
463,-43.0183,-10.167329
464,-33.323864,1.5560405
465,-32.5374,4.8835535
466,-46.30243,-14.521185
467,-23.624004,-3.6597667
468,-30.87076,-9.435464
469,-27.858114,-14.645192
470,-50.650005,5.5291886
471,-32.478012,0.56988436
472,-45.25461,-16.287363
473,-41.7958,3.2663145
474,-26.181114,-1.1385838
475,-34.88854,-21.706652
476,-47.039173,-4.3596597
477,-30.651012,-12.975471
478,-39.197906,-19.134552
479,-51.139214,-4.6548204
480,-32.64102,-19.457907
481,-40.58764,-11.386564
482,-41.514915,-16.07678
483,-42.514767,0.012822227
484,-30.083357,-2.0095348
485,-25.95371,-6.6163445
486,-29.24128,-5.3063626
487,-47.848156,-7.1800847
488,-43.03999,1.5622021
489,-52.708336,-4.9429917
490,-41.209793,-13.977192
491,-39.044838,-17.578093
492,-49.006844,-5.1973157
493,-49.92503,-2.9041991
494,-43.07586,-7.566569
495,-51.2832,-5.934582
496,-32.640614,-12.619152
497,-35.77377,-19.121416
498,-30.76089,-8.707712
499,-31.367767,6.427787
500,28.204977,7.42011
501,33.694912,4.1424766
502,50.418995,1.9071668
503,30.953117,7.4141994
504,24.786568,5.8682857
505,46.850727,-5.9854617
506,29.647488,-2.3279128
507,36.527897,-9.701467
508,50.128136,12.254663
509,33.71102,-2.8768768
510,25.744825,2.2773235
511,43.223843,-4.0781236
512,42.04451,-10.812866
513,44.987087,5.553412
514,37.59994,-9.427877
515,38.840237,-4.7318873
516,51.216328,4.0180492
517,39.765636,12.016724
518,53.37913,8.338562
519,51.98117,6.655684
520,47.13419,14.925735
521,35.17321,21.256895
522,33.927475,2.6216233
523,41.411434,-10.212842
524,32.641735,-2.4813738
525,27.501701,2.6022017
526,54.028664,7.805875
527,47.41278,-6.4595175
528,34.87205,6.93632
529,36.877666,4.3279676
530,38.4841,12.632444
531,47.47567,1.179274
532,42.75767,-10.423835
533,45.860527,13.624983
534,40.421936,15.462024
535,29.152798,11.637521
536,44.414104,0.039849196
537,37.254276,13.461463
538,37.44555,4.1543174
539,38.081142,-5.607997
540,47.458866,-7.234518
541,29.343964,0.42757457
542,34.291553,-2.2800496
543,32.545902,5.22399
544,41.14787,6.693277
545,39.62146,-6.536288
546,37.269257,17.768187
547,35.837055,10.075414
548,38.75209,11.067595
549,34.48226,21.469488
550,54.00267,7.659718
551,30.615297,-2.9446936
552,51.817204,-2.6165366
553,40.942837,17.988672
554,32.413677,15.644565
555,48.147312,8.400449
556,51.3228,2.5542161
557,52.414776,1.0235204
558,31.03419,-3.6450274
559,36.13533,17.990728
560,45.24163,-0.71662164
561,35.276333,7.3937864
562,27.067665,4.6477857
563,53.737885,9.097597
564,53.25229,2.9394677
565,51.205536,5.015574
566,45.02099,0.3232966
567,45.769882,15.1906185
568,48.254192,12.096528
569,35.102684,9.928175
570,24.997221,6.7281337
571,46.539536,-0.79524314
572,38.87074,11.571547
573,36.952698,14.289199
574,38.040176,-2.560871
575,42.05814,-1.6553006
576,37.75257,5.3915215
577,37.399963,-10.854121
578,33.639145,4.5447187
579,45.485004,17.047602
580,51.46454,3.239891
581,36.567802,18.56052
582,30.699413,-3.4959793
583,46.83583,2.8814895
584,47.706833,-6.9049478
585,53.662395,5.0542192
586,45.266563,4.714561
587,36.39504,7.9647293
588,45.162895,3.602484
589,45.176117,-8.722182
590,38.473408,18.472582
591,36.32332,-10.386121
592,45.41976,13.627897
593,31.929125,17.301287
594,53.70694,9.336735
595,37.653492,20.861874
596,45.747482,-9.704248
597,28.378233,12.544789
598,43.02162,-4.8322587
599,32.42451,-4.9265113
600,31.417904,9.445655
601,32.210106,18.533112
602,34.419144,-6.1202416
603,51.422882,-4.720298
604,33.232037,-2.5912454
605,37.935955,-6.3321457
606,33.223717,5.457696
607,31.949684,10.721714
608,33.04806,12.622954
609,49.25313,-6.4543967
610,24.344423,3.1553392
611,28.741493,11.69711
612,34.795258,4.3101935
613,51.11163,-2.8823905
614,34.185505,-4.911726
615,32.290024,-2.5644763
616,37.64604,18.598356
617,37.59559,17.155472
618,39.342278,11.721571
619,33.56266,20.460827
620,39.06983,-2.7567246
621,53.322693,6.9775147
622,52.247154,7.4971595
623,49.48697,12.857851
624,39.77768,-5.4415917
625,45.855415,16.736223
626,33.47335,12.7281
627,32.955624,19.516848
628,45.01542,-2.5368304
629,51.327473,-5.676685
630,44.76048,-1.8686306
631,52.200527,-1.1978947
632,37.803703,17.431578
633,35.240208,3.8143983
634,29.17982,7.740809
635,29.76636,-0.84368414
636,50.07691,4.703491
637,37.16818,20.917322
638,35.311356,18.792099
639,37.93578,-10.313068
640,36.784092,21.240765
641,38.12075,19.427717
642,28.522516,3.0166109
643,43.481308,-2.895228
644,24.577312,3.3787506
645,45.706818,-7.8502
646,37.856724,-3.2633464
647,47.32246,-9.547832
648,27.659872,6.6191616
649,30.814196,8.753235
650,43.586037,-4.2488604
651,51.85892,-0.21223909
652,49.901173,-6.6552615
653,49.404987,11.867292
654,50.013805,2.289349
655,46.074596,14.464925
656,47.110992,-0.53809154
657,52.33305,3.2652736
658,25.031715,3.3164508
659,45.169075,-8.201917
660,45.621254,4.061215
661,35.792095,-9.922143
662,45.52689,-5.0617523
663,39.14882,-4.764529
664,29.2533,7.217189
665,44.677166,4.9111476
666,37.392662,18.630558
667,48.9848,11.841855
668,45.996197,-9.006383
669,44.145706,5.5869265
670,44.38955,2.529841
671,30.489859,5.2150474
672,28.00527,9.839357
673,48.656548,10.503874
674,28.76112,15.344687
675,35.187096,8.189337
676,27.776731,3.0396562
677,29.698668,-1.0044414
678,38.058132,-10.356339
679,38.263832,-7.985843
680,41.346462,-10.888843
681,41.338722,17.875528
682,48.03129,13.092495
683,40.474724,17.827568
684,35.273525,6.3216896
685,39.52589,12.75129
686,35.187145,9.296085
687,36.796654,10.083135
688,41.66242,-0.24674283
689,29.825478,6.726765
690,30.17566,-2.8514326
691,38.039948,4.050861
692,46.35149,3.2094405
693,37.073776,-10.280991
694,36.012695,-7.852556
695,45.1806,4.362077
696,28.772804,14.90342
697,35.601692,21.263918
698,39.283398,3.74229
699,39.774296,-10.929257
700,45.814312,4.395207
701,37.565884,19.933681
702,38.846493,-7.1145973
703,33.772114,5.803596
704,41.385704,18.072628
705,40.30761,-0.7677564
706,46.611465,-0.6713106
707,33.78735,-6.2164483
708,36.62067,-7.716851
709,42.82252,17.423615
710,29.408667,13.911092
711,33.071857,18.618776
712,40.451782,11.5004635
713,42.00023,-10.593976
714,30.964102,-4.15908
715,38.629536,-7.8837805
716,31.657568,8.339195
717,39.91026,-6.8905516
718,36.91515,5.6456313
719,34.75856,2.053779
720,25.708601,3.5440686
721,32.146946,11.884932
722,37.963646,14.48828
723,49.949818,-8.978637
724,34.98951,3.9656653
725,50.34344,-5.8073864
726,41.50805,-10.415856
727,27.102858,2.5119183
728,29.190529,15.929674
729,37.2244,-8.807218
730,51.016125,5.1247787
731,28.820883,12.925408
732,46.3386,-0.39904907
733,31.609522,-4.882591
734,43.77105,3.994925
735,37.27429,6.0629025
736,24.049084,3.2945309
737,35.536034,-9.792745
738,39.36586,-7.2959785
739,39.378963,11.811237
740,40.255043,14.571959
741,48.11123,-7.703013
742,39.98709,16.975578
743,34.2305,-5.76756
744,40.34084,18.614567
745,52.0428,-2.0496736
746,44.446754,3.6032689
747,50.61116,0.1609514
748,38.577885,14.226124
749,23.795912,4.39199
750,27.733921,4.5926213
751,44.222984,-2.2025352
752,45.897312,1.2864102
753,35.090725,10.496752
754,50.747585,9.425339
755,35.143227,-6.893048
756,45.630924,16.34481
757,25.332523,6.376406
758,40.99453,15.62172
759,32.355778,-2.1656704
760,34.095364,2.5456185
761,29.149036,9.965851
762,48.145275,-9.217893
763,50.035515,-8.049598
764,38.10902,14.069397
765,33.915195,3.5037675
766,29.653576,0.4778535
767,54.103455,4.5170727
768,40.186573,-10.664162
769,38.05598,4.811801
770,49.83463,1.9635377
771,48.186367,10.540036
772,28.585512,14.753451
773,34.482788,-3.4413142
774,45.47769,3.6088383
775,44.93119,4.133913
776,45.39356,-1.0187869
777,50.12819,9.683424
778,50.667717,9.021758
779,34.02423,18.4285
780,49.375153,10.013449
781,32.847004,17.89838
782,40.463795,-0.8714189
783,39.65545,-6.88618
784,46.23615,0.4148443
785,50.19874,-8.235064
786,44.912212,17.214914
787,30.495136,16.117937
788,42.09309,15.818851
789,39.537064,12.49232
790,51.9594,2.629159
791,43.111156,19.244993
792,53.499836,5.671576
793,38.59035,4.426655
794,48.43086,10.016745
795,38.91392,18.173992
796,34.2304,4.3693366
797,43.840572,6.265801
798,49.88867,11.249172
799,37.5552,5.601941
800,35.924774,-9.482879
801,51.80736,-0.8156781
802,29.073923,15.462384
803,28.084929,8.744631
804,27.75743,3.8910234
805,27.810781,6.990486
806,29.986982,10.13964
807,53.51317,5.6425743
808,28.98533,6.000635
809,41.7431,19.20694
810,28.25904,7.176162
811,24.762346,6.1860967
812,34.649017,20.480858
813,30.627213,-2.1289873
814,49.532295,-6.212347
815,39.260963,1.1216023
816,35.906925,3.868349
817,29.896584,0.40211147
818,48.0205,-6.533353
819,40.686573,16.246471
820,51.528297,6.1239653
821,33.798573,21.037878
822,53.93432,5.713622
823,42.838406,-2.2183628
824,48.765762,-10.316895
825,33.987926,3.7748206
826,35.34872,13.552934
827,33.036858,18.238342
828,30.337168,-2.848474
829,51.75187,7.260643
830,38.420177,18.056828
831,30.008972,-3.369261
832,37.871555,-2.8536377
833,43.90757,-5.1175947
834,33.286015,19.614027
835,45.388336,0.16880448
836,40.415794,-7.769652
837,29.917301,5.600821
838,31.398579,7.5838985
839,32.400703,16.861559
840,49.708572,-5.374375
841,39.132416,18.581482
842,37.52967,-10.449071
843,50.273544,-7.5065765
844,30.94632,8.18428
845,38.413013,-3.0290983
846,39.224014,10.692435
847,40.894684,-0.56244797
848,34.40974,9.888394
849,28.718699,5.1101127
850,34.040737,13.57296
851,24.585583,4.5327415
852,24.528904,4.321391
853,38.72685,13.833871
854,40.78256,18.096706
855,44.970497,3.4308953
856,51.540745,5.826062
857,36.203533,5.040976
858,45.669224,1.0159644
859,49.68062,-9.805283
860,51.32057,-5.1420445
861,39.526142,-10.627514
862,52.98244,3.9993358
863,45.11282,-9.736865
864,51.65628,-4.062068
865,34.416687,13.452147
866,32.781048,19.873545
867,33.660957,-5.8969665
868,31.670929,12.848053
869,33.10408,14.125628
870,54.007015,6.0497775
871,24.713108,6.140179
872,35.855362,-10.015553
873,45.802162,3.28536
874,35.614223,7.7713637
875,46.35811,13.863378
876,43.477985,18.746815
877,34.889076,7.508703
878,44.845715,-3.2560608
879,33.984158,18.689564
880,47.838913,11.098619
881,42.833633,-10.378995
882,45.266117,-2.3793843
883,38.111588,-7.60144
884,40.959244,17.417685
885,45.583504,-4.4252944
886,32.413727,17.592104
887,26.096624,1.945453
888,34.242104,13.179336
889,52.271175,2.1739297
890,48.154613,-8.900997
891,45.922173,15.230812
892,41.75572,17.775715
893,32.856987,4.772153
894,30.208456,10.839605
895,36.333416,21.348417
896,41.4956,6.660497
897,40.64595,-6.8524647
898,24.86252,4.1290984
899,46.351402,0.96950746
900,35.850304,6.9157767
901,50.728703,-5.5518594
902,50.03297,-8.162912
903,31.380566,-2.703563
904,42.49226,-4.342155
905,36.177418,20.700312
906,51.84309,0.33397597
907,35.546654,9.6749
908,25.647686,2.1921616
909,49.56447,10.113067
910,31.843216,-4.612244
911,39.085575,-5.3528113
912,32.489662,17.12001
913,39.793747,14.121652
914,51.097992,7.0044513
915,33.46987,20.657835
916,25.512142,7.0726743
917,41.60503,-0.72017235
918,51.512806,4.6268816
919,49.921726,-9.265011
920,40.002636,12.643852
921,38.522438,-2.6652565
922,42.91921,18.656097
923,48.964306,11.195754
924,30.549328,8.6378975
925,37.19942,-2.7528255
926,45.68911,0.3627716
927,51.33801,-3.9772928
928,42.92426,18.929289
929,32.24565,-3.6311462
930,33.721504,13.557323
931,27.475534,3.2692275
932,25.712011,2.2396216
933,51.280945,2.0164075
934,39.267807,19.897469
935,43.100784,-3.3815882
936,28.088493,9.483328
937,30.309086,5.141959
938,52.282604,-1.0586692
939,42.0598,-9.802107
940,37.21845,20.773954
941,38.668465,-10.529867
942,33.17626,4.1829104
943,45.188614,-4.8099504
944,36.247997,-7.4584413
945,36.562305,-2.565775
946,40.048187,10.854331
947,48.01994,-10.09983
948,52.979282,7.588032
949,49.491886,11.594658
950,30.803715,8.2717
951,52.7211,6.746619
952,28.203661,5.0390577
953,49.49445,10.94454
954,43.434525,6.437942
955,48.52741,-6.4895196
956,31.352583,5.199286
957,30.424591,9.379311
958,49.415646,-7.383787
959,43.561577,5.8128204
960,47.278584,-10.139351
961,40.613583,16.965685
962,45.722,16.557552
963,44.99354,13.239474
964,44.62322,17.640759
965,35.905464,13.685996
966,48.464764,1.9553308
967,36.099392,-9.643448
968,40.86023,0.260376
969,35.416378,7.728386
970,53.83842,7.3788905
971,42.56429,5.9281254
972,47.15962,-5.9385366
973,48.623547,13.742362
974,46.56944,-10.846962
975,47.378952,-9.053792
976,41.325203,6.7860804
977,27.816412,2.9919903
978,27.73332,14.50495
979,54.0921,7.599686
980,45.45934,-9.229466
981,32.703598,19.328144
982,49.47846,10.582068
983,45.79909,1.6876951
984,28.546755,10.61485
985,50.65712,0.5899586
986,41.644024,6.6032166
987,32.423416,13.161296
988,34.652874,-6.349192
989,32.35084,-4.5930986
990,36.24273,7.236901
991,39.521137,-1.3877115
992,28.349255,14.822886
993,43.748634,18.144323
994,40.04724,-7.2097464
995,47.824062,8.017498
996,34.843796,18.366419
997,47.205086,-7.388428
998,49.39604,-9.992728
999,29.117844,6.0895495
1000,2.129158,-19.358564
1001,-8.324881,-36.33135
1002,-4.2133284,-42.350273
1003,12.834184,-31.189848
1004,7.1586084,-27.592234
1005,19.728222,-37.788
1006,19.463997,-37.659554
1007,7.6125402,-49.212715
1008,7.0661054,-46.8473
1009,3.3052125,-49.775753
1010,3.6336007,-47.86908
1011,-0.4624878,-33.53799
1012,4.7304707,-47.83199
1013,0.9569771,-52.33271
1014,5.719138,-27.866388
1015,2.191049,-32.136856
1016,3.7605739,-46.564133
1017,-3.251516,-17.387123
1018,4.619995,-48.544254
1019,-2.236044,-40.04969
1020,7.2985663,-46.710625
1021,0.5569116,-52.660595
1022,7.7489843,-47.388725
1023,8.640301,-40.357155
1024,8.657508,-22.684755
1025,3.3250668,-34.76686
1026,9.540948,-28.668318
1027,-4.4246264,-45.274067
1028,-6.697699,-40.27274
1029,0.42218032,-31.944065
1030,-2.7974727,-22.714672
1031,15.592905,-32.057896
1032,6.716563,-18.614155
1033,5.9389696,-49.810883
1034,7.6890883,-50.546906
1035,-1.8550147,-16.820673
1036,0.9491961,-32.763954
1037,3.921813,-48.44269
1038,11.081045,-29.869593
1039,17.794237,-35.18635
1040,7.844263,-30.765438
1041,-4.139704,-35.45094
1042,17.67304,-42.437786
1043,20.595251,-40.095963
1044,4.010056,-27.38543
1045,-5.8862624,-35.263466
1046,-4.1560674,-42.7539
1047,-4.505783,-47.310986
1048,9.607358,-40.731705
1049,6.110298,-34.83564
1050,-7.213855,-36.01129
1051,-6.084875,-42.219276
1052,4.1266584,-17.626627
1053,6.283475,-45.73846
1054,-1.3279437,-51.578377
1055,4.160131,-50.0221
1056,2.4588003,-49.482635
1057,-4.9816694,-45.610294
1058,0.79431206,-38.12358
1059,-1.9913263,-20.066687
1060,5.482358,-27.030165
1061,-8.01595,-35.102135
1062,4.7072206,-45.857388
1063,-5.9440947,-34.2844
1064,6.50444,-50.925407
1065,1.2442164,-50.089695
1066,14.301207,-22.062479
1067,-1.3247414,-16.334204
1068,14.447467,-31.85186
1069,11.050543,-22.574636
1070,0.9200359,-34.028423
1071,2.3918521,-20.337543
1072,18.856651,-35.56094
1073,3.900583,-27.81206
1074,-0.5318616,-31.205313
1075,18.920835,-41.304585
1076,-1.0680834,-30.4414
1077,19.920391,-36.97778
1078,11.916065,-35.929256
1079,2.5074015,-19.04691
1080,7.9176583,-45.98632
1081,4.8372397,-26.933525
1082,1.9204473,-17.783304
1083,0.2797994,-31.407967
1084,-7.56449,-36.991234
1085,7.500884,-47.907494
1086,11.472952,-35.7725
1087,9.639684,-20.68663
1088,-8.294142,-36.2313
1089,4.749274,-18.152266
1090,-2.2339792,-28.651587
1091,10.8695345,-31.80599
1092,-3.42218,-46.538006
1093,-8.048255,-36.6841
1094,19.729973,-38.980015
1095,-2.0072389,-39.15087
1096,-4.7172995,-47.13552
1097,11.96339,-22.56256
1098,-3.4137392,-20.76551
1099,10.313649,-29.888714
1100,1.5807781,-18.052412
1101,3.2207625,-19.674011
1102,9.845096,-19.83122
1103,8.617636,-29.522182
1104,-3.511868,-38.305046
1105,-3.0078132,-34.733757
1106,18.38764,-41.050728
1107,1.0093876,-19.020401
1108,6.5680428,-50.729504
1109,3.0714164,-47.00328
1110,3.2302303,-28.461948
1111,13.89392,-36.958035
1112,-4.8340063,-47.443268
1113,6.873399,-51.530945
1114,-1.4101833,-18.620142
1115,-0.66790044,-29.796354
1116,14.136852,-39.49061
1117,4.596902,-26.321318
1118,-0.8193073,-31.547937
1119,6.020864,-39.092274
1120,14.387968,-32.313286
1121,19.664377,-39.79167
1122,7.507558,-48.50965
1123,-1.6487265,-20.930534
1124,-0.18511221,-20.308718
1125,-7.522021,-36.42388
1126,9.678024,-40.720837
1127,5.7281966,-37.78602
1128,3.2141967,-47.07517
1129,5.3058515,-36.08195
1130,-2.476304,-23.470705
1131,18.006432,-34.860943
1132,-2.4087608,-22.779408
1133,-6.397068,-33.971806
1134,8.376716,-30.938385
1135,-1.3930426,-38.757465
1136,16.245922,-34.225258
1137,-4.277977,-47.46507
1138,2.1989067,-32.965115
1139,2.301926,-18.388601
1140,3.8960981,-46.24863
1141,2.690359,-47.96708
1142,10.529156,-42.027702
1143,12.564349,-33.538353
1144,20.877216,-38.210182
1145,6.681669,-47.87846
1146,-5.09571,-17.390032
1147,14.028983,-33.26688
1148,0.20194235,-38.75532
1149,0.5968287,-52.526405
1150,-4.9801354,-18.637335
1151,-0.06521781,-37.509914
1152,-2.453054,-49.152283
1153,14.022678,-35.63449
1154,17.702534,-38.99303
1155,1.9185966,-31.850368
1156,5.079092,-22.894201
1157,0.6455858,-29.339956
1158,5.049756,-18.488823
1159,4.1844397,-28.366585
1160,-3.051814,-41.555115
1161,18.060051,-39.524258
1162,-3.6755993,-34.080193
1163,6.004377,-21.032753
1164,19.171844,-33.50867
1165,-4.7730317,-36.266365
1166,-4.259596,-48.074726
1167,19.401949,-34.84758
1168,-5.315494,-18.822023
1169,5.909497,-26.441633
1170,1.3674234,-19.37432
1171,1.6984904,-33.23227
1172,-1.7391176,-48.82037
1173,1.2949524,-48.669136
1174,-3.3860824,-17.828442
1175,3.0718572,-52.792576
1176,2.990506,-47.692734
1177,14.2889385,-31.199152
1178,2.517217,-28.59605
1179,-0.42044058,-52.40848
1180,7.739445,-20.933598
1181,13.831043,-32.17436
1182,15.609537,-37.306442
1183,20.556526,-38.122784
1184,-4.943771,-17.768486
1185,15.460155,-41.50406
1186,-7.289151,-37.17012
1187,-4.783322,-48.07054
1188,1.4960961,-52.40377
1189,-4.4031715,-41.91692
1190,2.6670666,-18.553032
1191,-5.3873014,-19.018858
1192,17.649897,-38.7266
1193,5.858627,-21.861185
1194,5.7952614,-38.02758
1195,0.9903301,-49.899506
1196,10.2261095,-23.140043
1197,0.20352659,-51.801205
1198,6.791394,-22.723822
1199,17.965458,-36.900635
1200,1.5979484,-21.84386
1201,4.2076907,-50.13681
1202,3.4045503,-47.40805
1203,-3.1335156,-18.467957
1204,7.2560935,-22.179682
1205,-5.351057,-33.657726
1206,1.9226273,-16.929731
1207,0.20068252,-49.483017
1208,14.863162,-31.747898
1209,3.3207288,-28.340393
1210,12.7718115,-34.455044
1211,6.2037005,-23.451344
1212,-7.224264,-38.42975
1213,13.559101,-22.573324
1214,-5.9701037,-37.991814
1215,7.0522194,-50.731148
1216,7.3794966,-32.074024
1217,15.178034,-33.19962
1218,-4.0847783,-17.976282
1219,-2.1329737,-18.449215
1220,17.061676,-42.313957
1221,11.830035,-32.259872
1222,-6.005742,-37.874775
1223,17.85761,-42.68965
1224,-2.0839293,-20.010496
1225,-8.159613,-38.062294
1226,-7.514654,-38.331097
1227,2.5162432,-18.784285
1228,18.633326,-37.115376
1229,-4.1661305,-19.352148
1230,-4.655278,-35.830982
1231,13.525817,-33.119514
1232,-2.7261508,-34.09276
1233,-3.8006854,-48.842125
1234,1.8974135,-32.677055
1235,11.208778,-41.62252
1236,4.907486,-26.827524
1237,-2.5737185,-18.207056
1238,19.150661,-36.06618
1239,16.738186,-40.730278
1240,-6.1598034,-37.36866
1241,-2.9617803,-46.034527
1242,-6.3558836,-40.662827
1243,14.256867,-30.985035
1244,-0.23931244,-29.583895
1245,8.233765,-21.991573
1246,17.361414,-41.684624
1247,0.6359407,-51.89589
1248,19.628162,-39.13234
1249,-5.1646748,-32.45927
1250,11.289953,-33.14978
1251,2.8284647,-47.924397
1252,-1.2829152,-29.740238
1253,7.5842566,-46.979362
1254,8.789488,-31.713465
1255,-3.5551016,-21.239817
1256,14.332811,-39.43572
1257,4.975133,-18.532982
1258,6.6626496,-17.76379
1259,12.983227,-34.521828
1260,2.4561348,-52.55582
1261,5.949512,-34.437878
1262,-3.906761,-17.565474
1263,2.0054178,-52.429413
1264,3.4663208,-27.062784
1265,17.521097,-35.676514
1266,10.255662,-20.420794
1267,-7.8162346,-33.36789
1268,17.133154,-34.761585
1269,6.3465557,-51.6729
1270,17.254671,-40.62925
1271,3.6833048,-51.027325
1272,8.235457,-21.081236
1273,3.9927068,-50.672607
1274,-7.1844397,-38.170425
1275,16.968456,-36.93717
1276,17.458044,-39.65716
1277,9.114039,-42.01549
1278,-3.8104713,-21.927334
1279,16.047071,-33.542114
1280,7.1054626,-51.261894
1281,1.8932325,-48.5834
1282,-0.04001521,-17.199791
1283,2.013747,-35.665375
1284,8.365088,-32.58868
1285,7.1498704,-39.649166
1286,-7.3761744,-33.64258
1287,19.78359,-37.269135
1288,12.122595,-31.603682
1289,4.388879,-47.04938
1290,14.828596,-22.012487
1291,5.6564555,-35.281685
1292,20.398443,-38.053345
1293,8.780681,-31.159966
1294,6.5064964,-21.619362
1295,14.246281,-22.977348
1296,11.696295,-31.661875
1297,1.2231233,-37.612076
1298,-4.706867,-17.672398
1299,0.60228586,-30.09586
1300,-0.08383581,-19.118269
1301,-2.0673065,-28.510311
1302,11.548193,-23.711468
1303,7.455444,-30.478153
1304,10.941239,-24.30019
1305,-0.43922022,-49.586678
1306,-4.0316076,-22.66187
1307,-1.5891793,-19.206964
1308,1.0776876,-33.499283
1309,20.835829,-39.72876
1310,6.7641597,-28.905745
1311,1.4231781,-53.898483
1312,13.473306,-35.48692
1313,19.126375,-34.30836
1314,4.885917,-49.948227
1315,13.045859,-31.898912
1316,5.5398297,-19.45187
1317,13.090568,-23.591951
1318,0.00981694,-31.408224
1319,3.4974766,-48.652412
1320,15.759804,-37.001114
1321,-3.4928443,-46.615925
1322,5.8238564,-23.537022
1323,-4.7864923,-36.15756
1324,-3.7675176,-46.22193
1325,5.68135,-22.432247
1326,4.019145,-36.538494
1327,3.464543,-46.764263
1328,12.046063,-20.780611
1329,4.3313084,-48.320316
1330,14.551979,-24.263216
1331,-0.46356526,-50.23081
1332,5.840707,-36.040012
1333,9.269641,-21.571152
1334,11.930397,-23.111597
1335,1.1354865,-32.330017
1336,-2.5796819,-42.147038
1337,-6.776381,-37.362186
1338,5.4377875,-19.383549
1339,7.9328775,-45.30576
1340,12.421329,-33.761414
1341,7.9847555,-30.956299
1342,-2.3951142,-48.85544
1343,0.6345796,-38.105408
1344,5.274411,-19.010498
1345,-1.813451,-50.131878
1346,3.710711,-27.275333
1347,8.294802,-20.931023
1348,10.682028,-42.64545
1349,-3.1397567,-34.839634
1350,-7.306263,-32.6431
1351,6.3054156,-25.41275
1352,18.655506,-35.637047
1353,-7.7759356,-33.350082
1354,3.7611802,-19.120625
1355,17.5853,-42.759304
1356,3.5835667,-27.20673
1357,-2.2621145,-35.062035
1358,-0.716031,-17.754507
1359,-6.510917,-40.97855
1360,-0.27689987,-20.057873
1361,7.5680294,-22.933887
1362,13.238278,-22.190292
1363,-1.2980515,-29.823507
1364,3.0612845,-22.0518
1365,-6.2796483,-33.66811
1366,6.812083,-38.528786
1367,10.318681,-43.00082
1368,0.07873068,-37.507835
1369,5.573737,-36.298363
1370,18.990698,-36.576305
1371,1.2783986,-22.69119
1372,6.3882146,-38.768585
1373,5.6401625,-18.392946
1374,-0.783212,-29.931648
1375,12.395084,-33.87442
1376,6.66275,-17.922024
1377,19.088017,-37.08079
1378,3.995276,-28.769966
1379,-4.0973034,-20.01572
1380,12.177091,-22.107296
1381,4.991845,-49.308517
1382,0.9571972,-53.383614
1383,9.468188,-32.1415
1384,5.3139796,-53.397278
1385,5.4441624,-24.69509
1386,8.456918,-29.894186
1387,-1.6994015,-18.596544
1388,7.1535544,-25.262775
1389,0.2255338,-17.462881
1390,-2.8819418,-38.303707
1391,2.3791163,-50.794933
1392,14.060598,-41.415985
1393,2.2798526,-50.421375
1394,18.664097,-38.381092
1395,-7.1573634,-38.90882
1396,15.145553,-31.50025
1397,4.881366,-51.744457
1398,3.007345,-27.316238
1399,-8.522407,-35.464863
1400,19.865402,-38.755753
1401,0.1914619,-51.913303
1402,20.445707,-40.13873
1403,-5.1009264,-45.51493
1404,-2.7938182,-39.050304
1405,6.029243,-47.33675
1406,-4.995354,-19.080261
1407,-1.9128872,-23.073923
1408,1.6218636,-19.575308
1409,18.942518,-39.044567
1410,15.506677,-31.363874
1411,-1.3522797,-49.746822
1412,13.030241,-22.256582
1413,12.188126,-35.80818
1414,13.353256,-39.736755
1415,12.56724,-35.198456
1416,14.884695,-41.24352
1417,13.568647,-31.467974
1418,11.971219,-24.047272
1419,1.8554293,-22.182941
1420,20.292364,-39.995174
1421,7.6351542,-45.1631
1422,11.690529,-35.97145
1423,-4.1739473,-36.67914
1424,4.933982,-53.649555
1425,0.95438784,-37.359566
1426,15.442127,-36.743477
1427,11.964183,-20.504444
1428,-2.8428617,-21.83756
1429,2.6579876,-28.642262
1430,1.1729153,-53.86951
1431,6.364357,-51.57854
1432,12.025041,-25.07214
1433,14.068877,-22.189537
1434,-0.0878107,-39.033302
1435,13.9064665,-35.4151
1436,-2.6956656,-20.218487
1437,-6.803298,-39.16877
1438,-3.518794,-38.466537
1439,2.6945164,-45.441246
1440,6.2497463,-20.133972
1441,-5.3985662,-37.918575
1442,-5.8896656,-33.313538
1443,6.4871573,-17.75374
1444,2.022827,-21.78878
1445,8.981382,-28.21653
1446,-3.115826,-47.064606
1447,0.12413782,-52.98492
1448,8.507192,-40.80247
1449,-4.473474,-46.383106
1450,14.756272,-32.895634
1451,8.71253,-29.193893
1452,-5.520704,-36.150215
1453,11.881292,-41.76732
1454,-4.062604,-19.592026
1455,-1.5664592,-51.42475
1456,-6.227027,-42.120293
1457,6.5299883,-24.101995
1458,-2.9055016,-34.492973
1459,4.9236827,-26.269144
1460,6.9502206,-27.01557
1461,7.445617,-23.436266
1462,5.7711396,-36.5437
1463,-4.183627,-47.34681
1464,14.148526,-21.934992
1465,-3.4922438,-23.81555
1466,18.758118,-33.473763
1467,14.569995,-40.229023
1468,2.6872897,-33.37018
1469,-3.0633893,-47.5734
1470,-5.58296,-46.680695
1471,4.395784,-36.242973
1472,0.94082123,-33.202496
1473,5.9504747,-52.014347
1474,-2.9417295,-41.22321
1475,4.7066097,-27.549915
1476,12.880908,-24.209057
1477,6.6078243,-28.264381
1478,8.77491,-31.533684
1479,-0.17382778,-38.466637
1480,18.374699,-38.35284
1481,9.373051,-40.587708
1482,-0.718044,-38.21443
1483,-6.1476736,-41.738014
1484,0.71568704,-28.930155
1485,-3.9139848,-40.820084
1486,3.9852004,-36.43892
1487,6.4166126,-22.1089
1488,15.835139,-41.24427
1489,11.057333,-22.005798
1490,-0.64688504,-17.796942
1491,0.86429304,-22.130257
1492,18.551975,-34.978695
1493,12.931399,-32.14723
1494,10.328818,-42.73823
1495,-1.5817485,-39.507656
1496,-3.7787383,-45.93968
1497,11.639888,-23.347023
1498,-1.941213,-19.142078
1499,-5.466584,-47.294235
1500,-0.75413394,50.72108
1501,-10.506527,45.288025
1502,-18.85218,37.01979
1503,-5.864507,37.67601
1504,-8.185646,39.41462
1505,-9.146714,22.45189
1506,-2.7369478,50.96143
1507,6.5397124,30.07803
1508,-19.30991,24.523891
1509,-5.907609,46.387337
1510,-9.837597,28.457155
1511,-3.0370672,52.166393
1512,4.244549,41.6164
1513,-5.1706157,31.66833
1514,0.72913545,44.219707
1515,-6.6681743,28.379906
1516,-17.032974,36.505066
1517,-5.556007,19.613768
1518,-2.188781,23.162128
1519,-9.604042,47.52932
1520,-17.984915,33.53442
1521,-5.568635,21.10636
1522,-13.663694,29.495817
1523,-10.033851,18.764244
1524,-2.531695,23.508501
1525,-3.7532945,33.22293
1526,-16.431818,24.138765
1527,-4.9710298,44.673367
1528,-5.4437237,33.82286
1529,1.7016268,21.240292
1530,-18.297342,32.77487
1531,6.998658,34.19673
1532,4.538151,29.225866
1533,6.421864,20.693005
1534,-0.63053197,47.311493
1535,-21.14201,27.205263
1536,-0.10969875,29.386183
1537,-9.9465475,20.60402
1538,-2.9342635,52.17921
1539,-5.4577246,44.40659
1540,-8.265848,48.20923
1541,3.028318,47.910767
1542,-19.202372,24.929678
1543,-17.440025,25.62297
1544,-14.945565,30.121672
1545,0.85682374,32.364315
1546,-14.776766,34.580524
1547,-20.281704,25.963451
1548,-13.924484,22.184673
1549,-16.47264,23.191982
1550,5.1925845,41.783115
1551,-15.7685175,32.469315
1552,1.8027427,39.868206
1553,-17.931206,26.1847
1554,-8.003245,28.278778
1555,8.070506,29.044388
1556,-6.816361,34.389324
1557,5.466916,34.10617
1558,-6.230041,35.142868
1559,-18.153906,33.829254
1560,-10.484608,20.937675
1561,-13.986884,29.906437
1562,-8.451877,47.931305
1563,-18.992626,36.744186
1564,2.0832245,48.67543
1565,2.6428313,20.946188
1566,-7.533283,28.614172
1567,-12.282639,31.711224
1568,4.164221,22.875177
1569,-20.668818,26.548534
1570,-5.4468174,46.940945
1571,4.0630774,40.446293
1572,-20.673714,23.407871
1573,-15.379198,22.859575
1574,-8.297593,21.015844
1575,8.32292,32.272247
1576,7.7269106,34.04523
1577,-12.599324,27.796968
1578,4.3170695,23.586014
1579,0.8852791,40.106705
1580,0.17129564,31.899353
1581,2.6451857,23.948341
1582,-20.556702,25.302588
1583,-2.895612,42.567627
1584,-3.7763016,47.407192
1585,1.4604299,48.47727
1586,-14.367097,34.975983
1587,-4.1342163,31.926107
1588,-16.975142,24.178108
1589,-14.988056,33.211437
1590,-3.0727394,43.65868
1591,3.493387,32.81494
1592,7.8687625,28.266975
1593,-4.0691867,37.10887
1594,-15.255092,34.079594
1595,2.748104,38.591278
1596,-7.1951876,19.91542
1597,-6.446304,42.000126
1598,-4.191637,22.483963
1599,-9.526663,20.780296
1600,-17.06151,31.99097
1601,-6.9701514,26.757524
1602,2.7575853,38.983017
1603,-20.606556,28.480057
1604,-5.7543244,34.78386
1605,-21.181898,25.182903
1606,6.344631,22.87362
1607,0.3365253,48.432247
1608,-18.371498,34.445694
1609,-7.6738043,43.92809
1610,-14.806323,32.92473
1611,-0.5974496,50.383965
1612,5.232014,25.461533
1613,-5.87983,31.291008
1614,-3.3358302,51.302593
1615,3.0027883,35.78697
1616,7.832913,28.255936
1617,-20.428122,28.52738
1618,4.841638,21.931433
1619,5.4508123,29.653025
1620,-7.1971908,21.670128
1621,-11.02506,43.03564
1622,-15.27772,22.32598
1623,3.5309808,41.585743
1624,5.164609,30.72966
1625,7.1216097,25.886497
1626,6.305452,30.935476
1627,-15.08608,34.74087
1628,1.7555375,43.141644
1629,-3.5323272,31.690151
1630,-5.173406,33.91675
1631,0.67282885,29.512247
1632,-1.0015981,52.19151
1633,-4.601375,30.111116
1634,-2.1020591,32.379993
1635,6.1391478,29.831175
1636,-8.7439,47.832485
1637,4.750085,30.338821
1638,-4.6115484,37.42463
1639,-8.430162,20.10325
1640,-16.772388,22.276587
1641,0.94668263,46.209835
1642,7.0353355,30.768677
1643,7.108827,33.96806
1644,-21.125586,26.058147
1645,-7.139432,46.937595
1646,1.860352,33.285793
1647,-2.8124137,49.523937
1648,-6.564566,37.739815
1649,-16.534931,31.623505
1650,2.6456742,44.41639
1651,-6.350409,19.655722
1652,-5.115117,37.372402
1653,-19.408798,33.977264
1654,-19.935318,27.381277
1655,-18.591192,23.362232
1656,-19.277042,35.119675
1657,-11.104817,45.04525
1658,-10.546458,46.135403
1659,-8.578858,29.994686
1660,-10.60893,44.39934
1661,-10.626356,44.7001
1662,7.485461,33.753223
1663,-7.243135,20.653625
1664,-14.27554,29.571575
1665,-0.47929612,30.391886
1666,-2.7325642,47.464912
1667,-7.014277,18.960663
1668,-18.604921,35.386974
1669,-21.826376,25.80692
1670,-3.7651794,32.549747
1671,-9.531035,46.175972
1672,-8.093986,28.96202
1673,-18.859596,36.670532
1674,-2.5168848,24.116776
1675,5.628568,41.895084
1676,-0.27422792,38.734943
1677,-10.203424,23.030943
1678,-7.4857683,18.987293
1679,-15.912261,31.869743
1680,-14.531489,32.360256
1681,-0.027419003,45.056
1682,-7.5695553,37.200943
1683,-9.996122,19.509136
1684,3.6902313,21.444302
1685,-7.4807353,19.310326
1686,-4.351297,37.011925
1687,-7.7490005,28.890276
1688,7.7407875,34.38859
1689,-7.713916,26.0466
1690,-9.823897,19.232946
1691,-13.455698,27.234756
1692,-6.893042,42.922836
1693,-17.934626,32.07689
1694,-16.562294,31.859188
1695,-1.9778678,52.927174
1696,-2.3432581,47.3975
1697,-1.4123185,30.873184
1698,-5.5599155,34.253643
1699,5.0905533,26.062227
1700,-4.9723744,39.726025
1701,-5.1154594,38.404587
1702,0.11445279,45.295387
1703,5.0911245,22.003891
1704,-6.5077753,44.31181
1705,-13.704001,35.2212
1706,-3.2181108,51.343475
1707,4.0545344,39.564297
1708,-5.23823,21.798256
1709,5.427497,23.264374
1710,2.9768012,38.71674
1711,-9.978322,43.62222
1712,5.6526904,20.790705
1713,-16.180487,35.88845
1714,-6.4719763,26.604334
1715,-4.1272783,33.916298
1716,-16.710485,22.010492
1717,-5.5974164,38.33917
1718,6.972145,35.817757
1719,1.9314445,32.976284
1720,0.85936594,33.602467
1721,-9.383732,45.791843
1722,-5.6754093,31.191616
1723,5.3220177,20.897057
1724,-1.7387447,33.151943
1725,-19.110035,33.540703
1726,-10.35444,22.08351
1727,2.3536975,21.245403
1728,-9.561479,18.798847
1729,-0.29615012,43.720352
1730,-15.532582,25.213104
1731,-3.5706615,50.74485
1732,1.9062543,43.669277
1733,8.4024105,29.373121
1734,-5.9661937,36.31874
1735,-6.9301443,36.1231
1736,-9.208109,44.026283
1737,3.8738742,20.76112
1738,-18.926275,35.813564
1739,-7.0475907,26.616066
1740,1.9539502,24.704966
1741,-8.6868515,28.46564
1742,-10.371116,18.76386
1743,2.1326237,32.154213
1744,-3.6367717,50.777
1745,6.3279214,23.951445
1746,-9.420461,19.579576
1747,-16.614141,25.43484
1748,1.5663987,31.2569
1749,-19.135925,36.44718
1750,-20.487158,24.508184
1751,6.791428,22.211296
1752,-20.218906,27.923191
1753,4.1808763,33.81944
1754,4.8872714,21.007292
1755,8.070424,32.338146
1756,-18.673834,33.33715
1757,6.886049,23.924538
1758,3.0477757,21.955145
1759,-9.307023,42.927555
1760,-6.271891,20.487148
1761,-20.893585,25.301214
1762,5.3517375,29.12383
1763,4.832906,33.908985
1764,-15.255432,25.001762
1765,-0.6630892,38.759445
1766,-3.0868783,41.6987
1767,2.5151792,35.56868
1768,7.9499707,31.408352
1769,-3.972854,44.71767
1770,-14.678398,34.698772
1771,-14.630957,29.126162
1772,0.8277589,45.9914
1773,-2.907056,33.16921
1774,-12.022007,27.682083
1775,-0.78560495,51.079292
1776,6.512393,27.533068
1777,-3.418221,31.429924
1778,-10.703592,21.902124
1779,-6.599856,29.101973
1780,-15.544847,32.673637
1781,-7.486311,40.993114
1782,-5.6187725,44.86615
1783,-11.019216,21.491621
1784,-8.970654,45.47735
1785,-4.3437138,44.906162
1786,-15.700436,25.499094
1787,-3.8717623,41.998642
1788,-0.27064854,51.60238
1789,-20.635126,23.391916
1790,-4.6969943,45.10222
1791,0.74124473,43.965702
1792,4.362427,39.208015
1793,-9.617058,27.097383
1794,-9.892363,44.019573
1795,3.1605904,38.038876
1796,-1.2521892,51.009922
1797,6.6746798,22.046568
1798,6.416583,21.69586
1799,-7.1607447,44.226437
1800,6.260834,24.4204
1801,-12.410006,31.374138
1802,-20.210022,23.271502
1803,-11.773542,21.90107
1804,7.350932,26.025854
1805,-7.696595,37.235744
1806,0.8365899,40.134953
1807,-0.680088,38.7813
1808,-17.639238,24.305294
1809,-7.996871,41.595013
1810,-18.349485,35.694798
1811,1.0925976,38.27938
1812,1.893491,43.173622
1813,-7.4685626,45.427937
1814,4.8074594,22.833168
1815,4.73556,25.975368
1816,-10.152358,23.20659
1817,-17.39132,22.508705
1818,2.0363555,49.001522
1819,-22.069277,25.700403
1820,-6.279951,47.026085
1821,-4.8539815,23.08956
1822,0.772278,40.375267
1823,-20.860138,24.58396
1824,6.614577,34.17777
1825,8.587731,30.439985
1826,1.2068219,46.73207
1827,-9.789781,44.449917
1828,-0.8850666,50.714058
1829,-0.56524897,38.743137
1830,-2.4749131,51.19745
1831,6.3892403,35.052032
1832,2.2829638,42.842148
1833,1.5512867,22.545078
1834,2.4469867,22.055082
1835,-5.014133,31.13225
1836,5.569319,27.770426
1837,-4.3941126,46.525158
1838,0.5571357,39.65977
1839,6.059367,26.43979
1840,-20.462328,28.192095
1841,-7.88762,41.77513
1842,-9.983756,20.786499
1843,-4.956018,39.78254
1844,7.6405563,28.659481
1845,-1.3738021,48.450386
1846,-10.520497,26.11079
1847,-20.90613,28.001736
1848,-3.60609,52.09405
1849,5.9296765,23.146063
1850,4.6679573,34.316418
1851,-7.386267,42.431572
1852,-10.494402,46.1586
1853,-19.078382,35.147297
1854,-0.46210155,23.234488
1855,-14.409409,22.575996
1856,-0.040669587,33.01571
1857,-1.6565715,32.273838
1858,8.355006,31.033737
1859,-0.42994866,43.684788
1860,-7.345496,34.729053
1861,5.288328,30.837822
1862,-7.2032876,37.750645
1863,4.3663287,21.531376
1864,5.6200237,21.870388
1865,6.434844,20.724474
1866,-9.5092945,23.184378
1867,4.6692514,24.716303
1868,7.8500724,29.705242
1869,0.07574922,23.060308
1870,-3.753065,33.64168
1871,3.2571466,30.820456
1872,-5.332151,46.592823
1873,-19.279709,33.49004
1874,1.6297369,33.603207
1875,-16.839655,23.017803
1876,2.341047,33.169838
1877,-1.3175472,52.195217
1878,-19.90756,26.858309
1879,4.757862,41.737762
1880,5.7002397,20.496151
1881,-5.3093734,34.601597
1882,3.327455,34.09401
1883,-13.517119,35.528107
1884,-11.8864565,31.748034
1885,-5.494812,22.883114
1886,-15.518513,27.385609
1887,2.068487,48.86934
1888,-15.441993,23.00342
1889,6.7139177,25.045923
1890,-6.422329,34.901646
1891,-15.150841,30.631758
1892,-18.374933,36.444054
1893,-7.6190248,34.530586
1894,-5.5425076,23.545528
1895,-5.2812223,22.554625
1896,3.5431693,25.393652
1897,-17.744358,24.344164
1898,6.232536,34.706028
1899,5.742081,25.314285
1900,-10.888908,26.755043
1901,-10.15567,20.257885
1902,-10.523789,21.671112
1903,4.14769,33.596554
1904,-8.651675,19.72732
1905,-6.1946483,20.05472
1906,2.5784461,24.894983
1907,7.2370477,36.17207
1908,-17.62014,25.594147
1909,5.7836103,27.776335
1910,-8.555037,40.546776
1911,-3.52503,24.567286
1912,5.131182,23.920486
1913,2.417638,48.53532
1914,4.1441917,25.087606
1915,-4.7110047,21.044258
1916,-7.5166903,20.829477
1917,-5.0684505,22.56109
1918,2.8896315,43.3433
1919,-6.153885,28.792501
1920,-17.306473,36.384808
1921,-5.0874834,46.1111
1922,-12.9849825,28.178774
1923,-20.41029,24.9379
1924,-9.043208,29.867619
1925,1.4856807,40.378727
1926,1.5953287,29.874199
1927,-15.944918,31.490799
1928,3.0931563,37.40647
1929,-4.325836,34.14425
1930,-0.28843454,48.431595
1931,-3.3154237,23.454071
1932,3.5732033,33.72108
1933,5.782542,40.950764
1934,8.022004,32.989452
1935,-12.423995,27.039722
1936,3.919034,40.703323
1937,2.2016935,47.9736
1938,-6.3937235,28.39341
1939,-6.263106,26.885025
1940,-0.66608125,48.60911
1941,-2.2594469,52.360184
1942,-9.255831,18.602642
1943,-12.354127,27.132734
1944,1.2741575,39.627666
1945,-21.311226,24.739935
1946,1.1884314,32.674706
1947,-7.2519007,36.69557
1948,2.2478771,37.465485
1949,7.3639183,35.01039
1950,-15.558851,23.979412
1951,-1.0202183,47.736248
1952,-5.5161896,38.73118
1953,1.9869876,44.48443
1954,-6.1538773,33.510735
1955,-9.527308,43.347507
1956,-8.98246,45.054005
1957,-9.399718,46.86444
1958,0.6486857,29.489452
1959,-20.713467,28.513632
1960,4.1319485,29.690111
1961,5.8231983,40.82611
1962,-13.978075,26.892591
1963,7.6813602,27.15373
1964,0.617134,48.23074
1965,-18.675596,23.474924
1966,-2.689739,24.522533
1967,-0.55343515,52.030197
1968,0.86669743,48.550583
1969,-11.189821,44.104877
1970,2.7335742,32.021065
1971,-10.549689,44.957294
1972,7.4994764,25.867062
1973,-4.915423,22.22462
1974,3.7804286,23.699383
1975,-14.092881,28.515543
1976,-11.780895,21.58802
1977,-1.6653184,48.80546
1978,-4.816156,43.8987
1979,-4.2650023,22.884518
1980,-2.3980124,42.86768
1981,-7.0720263,45.1619
1982,-9.353957,46.772358
1983,-0.88390774,51.8363
1984,-8.496783,19.048384
1985,-13.431871,28.727543
1986,-14.861605,22.668228
1987,-3.9633398,44.702347
1988,2.1181352,24.32657
1989,8.1641655,32.67577
1990,-4.6793613,27.218578
1991,-8.813684,46.370728
1992,-6.0727525,34.173115
1993,-10.553888,24.455515
1994,0.90181977,29.907019
1995,3.6170025,34.616013
1996,-15.997392,26.022867
1997,-3.7183726,42.074863
1998,0.8368614,43.977955
1999,-3.8707747,37.002113
