id,x,y,class
0,4.1721506,-49.812344,0
1,18.72797,-39.45251,0
2,0.7961841,-39.187496,0
3,6.70336,-25.753172,0
4,20.95936,-32.970398,0
5,1.3890193,-35.838226,0
6,5.600016,-26.221249,0
7,-3.197356,-34.62187,0
8,18.175526,-39.544838,0
9,-6.9316688,-43.011265,0
10,-8.179752,-42.99155,0
11,-1.2490295,-35.359524,0
12,13.052471,-30.640013,0
13,-4.0003543,-51.948605,0
14,4.3474383,-28.601889,0
15,-5.60067,-30.692461,0
16,13.542837,-25.354969,0
17,-5.0374646,-35.217426,0
18,19.906755,-35.31403,0
19,5.0849743,-33.03226,0
20,5.1378613,-24.877586,0
21,15.826944,-28.290228,0
22,5.9033704,-25.14109,0
23,4.358759,-43.51604,0
24,15.671722,-49.43559,0
25,15.382606,-47.897533,0
26,2.0699306,-28.789766,0
27,-3.900034,-48.62643,0
28,-6.591424,-52.804092,0
29,-5.3072624,-44.091015,0
30,16.730516,-49.08298,0
31,0.64656615,-25.879904,0
32,0.62184316,-25.459608,0
33,-5.606776,-36.001083,0
34,-3.3754346,-41.687553,0
35,14.405694,-46.200275,0
36,-8.658648,-44.264744,0
37,-0.3931846,-40.402996,0
38,10.698545,-40.779785,0
39,8.108037,-46.312077,0
40,5.0911527,-51.335575,0
41,-7.443635,-32.236725,0
42,12.147218,-41.08614,0
43,8.008584,-48.903336,0
44,10.65412,-45.89089,0
45,-4.8607507,-46.374214,0
46,20.067112,-32.276337,0
47,8.656492,-44.19305,0
48,5.5800643,-51.52778,0
49,0.88415277,-41.13689,0
50,14.974834,-45.993763,0
51,6.0160875,-51.984203,0
52,15.518349,-46.656975,0
53,10.341351,-48.81012,0
54,3.9747472,-43.074677,0
55,12.923041,-32.286278,0
56,-0.7700559,-36.646557,0
57,20.132858,-32.33958,0
58,16.56281,-41.304317,0
59,-5.9341393,-31.12696,0
60,16.350237,-49.333088,0
61,-7.4039793,-44.896126,0
62,2.3464677,-35.677002,0
63,12.818749,-29.71754,0
64,2.2254303,-26.927351,0
65,-6.513921,-54.067245,0
66,11.842836,-41.35217,0
67,14.742207,-23.921516,0
68,-0.6656058,-35.683105,0
69,15.3113785,-25.292084,0
70,15.701749,-42.289764,0
71,3.2099338,-43.018238,0
72,9.546612,-47.072594,0
73,-3.8945963,-49.16653,0
74,2.716596,-35.83922,0
75,-1.7592366,-53.11639,0
76,6.261362,-51.02682,0
77,-6.723987,-51.77302,0
78,-3.1114953,-52.885612,0
79,-2.9996614,-34.17785,0
80,-5.5502796,-39.53905,0
81,-4.4006,-39.882935,0
82,-2.53769,-53.06229,0
83,17.955568,-33.107483,0
84,1.1017616,-45.634098,0
85,17.291544,-40.034924,0
86,12.115035,-35.319405,0
87,4.5706387,-50.88475,0
88,-7.3831096,-33.00912,0
89,-1.4584843,-35.77909,0
90,-6.4514155,-52.37928,0
91,0.704252,-39.41177,0
92,-4.18513,-38.277493,0
93,-3.7341793,-41.696854,0
94,-4.804527,-45.91699,0
95,15.398453,-49.701336,0
96,0.08796118,-45.071526,0
97,-6.3877125,-53.145287,0
98,-5.7046885,-33.247227,0
99,1.9160831,-34.928425,0
100,-6.014984,-41.8617,0
101,13.213538,-41.499626,0
102,-3.2228005,-53.297073,0
103,2.6313727,-35.65841,0
104,-1.5267746,-36.526848,0
105,5.479233,-24.288952,0
106,11.619396,-34.39874,0
107,15.599199,-30.319067,0
108,3.7468178,-28.925423,0
109,-5.736849,-54.46901,0
110,1.2875932,-24.627415,0
111,19.131105,-32.393024,0
112,-6.642927,-44.66401,0
113,-5.2524395,-31.123558,0
114,4.0420165,-50.8775,0
115,2.5645642,-26.448334,0
116,-7.8698316,-46.796288,0
117,15.4212475,-47.03896,0
118,2.151989,-49.396946,0
119,15.253758,-49.942955,0
120,-1.3559834,-43.99436,0
121,16.661572,-45.9412,0
122,13.421314,-28.49596,0
123,2.6165156,-49.401016,0
124,18.154316,-37.096127,0
125,-4.4746876,-47.637985,0
126,14.589965,-49.66054,0
127,5.5581822,-28.290953,0
128,-7.1239986,-50.940044,0
129,-8.381788,-43.36729,0
130,12.613339,-35.653786,0
131,2.0474217,-43.836548,0
132,-0.124366604,-25.504995,0
133,0.5612209,-42.20515,0
134,19.019743,-33.93504,0
135,-5.3896813,-32.854286,0
136,-3.9454787,-35.011494,0
137,4.8785048,-44.053364,0
138,-1.7031093,-53.21383,0
139,0.06850684,-43.15609,0
140,19.761263,-37.381264,0
141,-3.2112222,-47.882664,0
142,15.881148,-47.583656,0
143,16.520031,-41.36545,0
144,-7.677381,-48.838833,0
145,11.971751,-33.246742,0
146,11.926834,-35.272034,0
147,-8.45825,-45.36371,0
148,14.952709,-31.86181,0
149,14.725562,-30.710243,0
150,15.42117,-35.118233,0
151,-7.019527,-41.327545,0
152,18.979248,-30.149067,0
153,13.942939,-40.525303,0
154,2.40978,-28.932344,0
155,12.162368,-46.795788,0
156,-6.26913,-52.181473,0
157,7.3876133,-44.00154,0
158,15.294279,-30.083836,0
159,15.357007,-26.001337,0
160,16.217575,-39.731964,0
161,17.210007,-45.159744,0
162,-3.875962,-32.339676,0
163,15.035105,-48.683334,0
164,20.736036,-33.735184,0
165,-4.652457,-47.060356,0
166,0.2710067,-28.904625,0
167,4.7204757,-42.48062,0
168,-4.016475,-37.67157,0
169,2.4326465,-43.754807,0
170,16.35227,-47.616795,0
171,0.46149334,-28.845507,0
172,-3.7862246,-53.56528,0
173,12.603383,-39.53573,0
174,1.7746793,-28.61771,0
175,-6.93342,-31.570847,0
176,0.45467204,-45.611336,0
177,-5.275991,-30.733437,0
178,0.04520336,-41.70434,0
179,4.478301,-33.805004,0
180,8.572035,-49.139297,0
181,4.631477,-35.299545,0
182,18.834301,-33.595737,0
183,2.7315607,-50.107033,0
184,-3.534536,-51.81848,0
185,-5.3254085,-47.005444,0
186,-1.8135314,-34.14307,0
187,7.0709333,-48.419025,0
188,-0.6683745,-32.200264,0
189,-5.2706757,-39.982956,0
190,-8.02158,-46.897083,0
191,-7.3362274,-50.140877,0
192,-6.7386775,-50.558582,0
193,1.6680274,-26.427475,0
194,0.6106018,-39.680767,0
195,6.07646,-48.856476,0
196,11.19966,-40.88641,0
197,18.65144,-38.25864,0
198,3.9523382,-35.390396,0
199,-3.3483472,-51.227673,0
200,-6.096165,-31.67364,0
201,6.5399375,-25.717129,0
202,10.44492,-42.111954,0
203,4.4301353,-33.98441,0
204,-0.33768415,-44.945465,0
205,-6.979287,-40.84503,0
206,0.02710215,-41.323013,0
207,-7.1747437,-43.468945,0
208,18.89715,-30.547491,0
209,-1.2199878,-43.793865,0
210,0.82462054,-24.911127,0
211,14.424966,-25.87077,0
212,1.3780032,-28.097656,0
213,11.699422,-39.553524,0
214,-6.402694,-48.171974,0
215,15.188189,-32.13809,0
216,-7.729124,-47.256306,0
217,5.945962,-43.426216,0
218,2.43257,-49.369133,0
219,0.5445293,-40.5237,0
220,11.386345,-39.14615,0
221,-4.9865494,-38.945366,0
222,0.59056133,-41.649014,0
223,-7.8813396,-52.449802,0
224,15.13292,-49.610493,0
225,15.09856,-35.65991,0
226,15.583497,-47.445576,0
227,-9.637347,-46.348495,0
228,14.783807,-47.514786,0
229,-5.4583964,-38.260147,0
230,10.906513,-39.410793,0
231,19.28362,-38.319084,0
232,3.052597,-22.68635,0
233,16.655191,-48.451057,0
234,-4.572858,-38.561993,0
235,0.29098743,-40.103146,0
236,-5.507461,-36.41173,0
237,-7.3739853,-33.05334,0
238,5.8638525,-48.559505,0
239,4.359088,-42.520985,0
240,19.355865,-34.17458,0
241,-7.7589126,-52.35656,0
242,16.520838,-28.720516,0
243,12.488401,-34.777374,0
244,3.6768806,-44.89146,0
245,-6.3523264,-51.640312,0
246,6.4635415,-50.085995,0
247,4.958056,-26.95772,0
248,-7.87648,-51.76916,0
249,17.44021,-39.57204,0
250,9.755948,-47.80709,0
251,7.155492,-50.674885,0
252,5.7269087,-29.163645,0
253,-5.9138193,-52.99636,0
254,21.841366,-35.89786,0
255,6.2955284,-27.721773,0
256,-4.645931,-42.141403,0
257,14.358216,-33.05629,0
258,14.700849,-23.892803,0
259,-4.850627,-30.420328,0
260,4.295961,-50.00294,0
261,-5.143485,-48.9421,0
262,12.562827,-39.605446,0
263,16.056896,-49.76427,0
264,11.764641,-40.6035,0
265,-10.005543,-45.985756,0
266,19.271803,-34.82429,0
267,-6.5893,-47.796185,0
268,14.906163,-26.829897,0
269,13.897352,-26.41877,0
270,15.003718,-24.747717,0
271,-4.598477,-52.562916,0
272,-9.5899725,-45.59455,0
273,19.465054,-30.732973,0
274,7.060631,-48.8006,0
275,5.0098557,-35.45654,0
276,15.362294,-39.81256,0
277,7.464047,-28.92916,0
278,14.9432335,-25.259892,0
279,19.61619,-37.998966,0
280,4.3651366,-26.12265,0
281,-2.6740777,-52.901787,0
282,-8.696727,-48.05362,0
283,16.71014,-27.817383,0
284,4.814921,-27.382013,0
285,16.032213,-42.046356,0
286,-5.1474648,-31.225689,0
287,-0.28375036,-32.33177,0
288,14.518571,-29.596323,0
289,-5.791224,-47.901466,0
290,0.24860665,-25.28433,0
291,20.198448,-37.7308,0
292,10.836375,-41.30451,0
293,4.9696126,-33.884365,0
294,-6.643033,-53.871536,0
295,-6.5899,-43.49574,0
296,15.630167,-26.728033,0
297,2.8884287,-25.600792,0
298,3.4641345,-23.757296,0
299,-4.7973666,-44.145027,0
300,16.2603,-39.923763,0
301,0.69975775,-24.391146,0
302,-5.4077387,-34.041904,0
303,-7.039061,-50.058395,0
304,-5.6461506,-46.12964,0
305,20.150326,-33.40708,0
306,12.5119295,-34.51061,0
307,6.172493,-28.769297,0
308,14.164687,-48.00435,0
309,15.217995,-33.939484,0
310,3.833226,-23.344313,0
311,16.494404,-27.566444,0
312,5.703882,-49.824303,0
313,4.317171,-44.52325,0
314,-2.4567633,-53.56331,0
315,4.9076924,-27.080717,0
316,3.5928822,-28.029182,0
317,6.049387,-42.987606,0
318,3.4131036,-23.635738,0
319,4.6311464,-25.036219,0
320,5.820001,-51.03647,0
321,2.722288,-27.582502,0
322,-4.0531373,-32.427677,0
323,5.656916,-45.726414,0
324,12.353422,-46.691338,0
325,2.0372095,-49.44009,0
326,14.521947,-48.3586,0
327,-0.12205995,-39.5814,0
328,-0.31431675,-40.87091,0
329,2.0530555,-42.183903,0
330,2.99442,-41.967636,0
331,1.2137437,-28.088173,0
332,21.069647,-34.579063,0
333,13.215415,-25.237358,0
334,-4.0416265,-37.44356,0
335,10.928781,-42.01272,0
336,-3.3345017,-51.311905,0
337,15.816213,-48.65239,0
338,14.634822,-27.56073,0
339,9.459938,-44.077423,0
340,16.77241,-39.78365,0
341,-7.9156156,-46.05802,0
342,-6.7836566,-32.16851,0
343,19.565819,-32.78685,0
344,21.746906,-33.483624,0
345,6.981782,-49.478664,0
346,0.71359396,-26.69969,0
347,1.861268,-29.200455,0
348,16.90793,-46.509777,0
349,17.177141,-41.864502,0
350,6.115488,-24.88474,0
351,2.7422261,-34.959908,0
352,-3.4296758,-48.008972,0
353,6.6460304,-49.591766,0
354,-1.8516169,-33.99296,0
355,-0.8579377,-32.931,0
356,-5.090066,-32.778282,0
357,13.614598,-26.50467,0
358,-7.1335278,-31.850336,0
359,13.662252,-26.356699,0
360,-5.5518355,-38.169537,0
361,13.129858,-27.683153,0
362,16.478256,-29.818714,0
363,5.7762413,-51.19381,0
364,10.160208,-39.18136,0
365,1.7069514,-34.98111,0
366,11.810052,-42.141357,0
367,-5.2837596,-47.49312,0
368,16.272099,-26.125816,0
369,15.876646,-46.10051,0
370,1.8363401,-25.62114,0
371,15.586263,-29.195667,0
372,3.5689397,-23.140322,0
373,3.055952,-44.21915,0
374,5.3246293,-52.17976,0
375,-9.59517,-44.759,0
376,19.054781,-35.20972,0
377,16.929886,-32.801826,0
378,15.02254,-34.255596,0
379,2.8918035,-43.700634,0
380,2.574498,-25.666294,0
381,-3.5699072,-40.241573,0
382,17.669476,-36.071877,0
383,1.3302796,-25.313133,0
384,15.925366,-32.51082,0
385,5.758481,-24.534494,0
386,13.24467,-27.74822,0
387,3.5816352,-53.441982,0
388,12.787316,-25.600128,0
389,-6.901831,-40.774963,0
390,-7.045532,-49.28452,0
391,9.50148,-49.162296,0
392,4.587454,-34.448673,0
393,15.030611,-42.930313,0
394,0.34969214,-43.767365,0
395,14.679259,-27.108551,0
396,21.91762,-37.005116,0
397,15.605542,-29.516495,0
398,2.5443597,-29.404022,0
399,-4.761565,-37.54368,0
400,-9.1643915,-45.855316,0
401,1.1363645,-44.308605,0
402,21.249393,-37.15687,0
403,-4.5157633,-30.11853,0
404,14.924083,-49.266933,0
405,-3.552342,-38.505768,0
406,19.764164,-33.84177,0
407,2.3255103,-49.99972,0
408,1.05998,-26.634995,0
409,-8.137551,-45.996693,0
410,6.544362,-42.317463,0
411,-3.368245,-53.69526,0
412,3.4598076,-42.308117,0
413,-6.2962737,-47.102863,0
414,-4.870511,-32.37873,0
415,9.682636,-46.37234,0
416,-6.27579,-33.731796,0
417,2.0963237,-24.191967,0
418,-4.6429105,-31.028328,0
419,19.690153,-34.557915,0
420,15.6438,-35.033104,0
421,10.813544,-47.210503,0
422,-5.841951,-51.899265,0
423,18.701101,-38.270226,0
424,-7.660075,-32.48122,0
425,10.289451,-46.133106,0
426,4.578662,-48.220516,0
427,1.2103218,-35.65602,0
428,14.949504,-39.696266,0
429,17.046934,-46.379875,0
430,16.473629,-26.475653,0
431,15.389549,-48.30679,0
432,12.861718,-33.349957,0
433,2.3224866,-24.15915,0
434,-5.13175,-47.996025,0
435,18.085333,-38.275,0
436,14.594976,-26.123007,0
437,-4.2068377,-38.863598,0
438,12.7564,-34.154713,0
439,10.258592,-44.707626,0
440,21.64833,-35.05761,0
441,-5.4720287,-42.017574,0
442,21.360607,-36.09579,0
443,21.733019,-33.113434,0
444,-4.958227,-44.805073,0
445,21.081194,-34.377113,0
446,5.415906,-52.33326,0
447,15.896098,-27.605545,0
448,13.681615,-31.636265,0
449,12.823487,-33.53428,0
450,0.1899546,-34.236588,0
451,10.174986,-39.39061,0
452,-4.4969606,-41.60299,0
453,-2.8992975,-50.02434,0
454,13.022005,-31.357332,0
455,-8.580318,-46.416283,0
456,7.5087914,-49.897175,0
457,-5.029459,-34.840435,0
458,5.069775,-32.9197,0
459,11.874624,-27.073559,0
460,14.056856,-28.509336,0
461,21.713745,-35.21482,0
462,3.815761,-49.34197,0
463,10.167329,-43.0183,0
464,-1.5560405,-33.323864,0
465,-4.8835535,-32.5374,0
466,14.521185,-46.30243,0
467,3.6597667,-23.624004,0
468,9.435464,-30.87076,0
469,14.645192,-27.858114,0
470,-5.5291886,-50.650005,0
471,-0.56988436,-32.478012,0
472,16.287363,-45.25461,0
473,-3.2663145,-41.7958,0
474,1.1385838,-26.181114,0
475,21.706652,-34.88854,0
476,4.3596597,-47.039173,0
477,12.975471,-30.651012,0
478,19.134552,-39.197906,0
479,4.6548204,-51.139214,0
480,19.457907,-32.64102,0
481,11.386564,-40.58764,0
482,16.07678,-41.514915,0
483,-0.012822227,-42.514767,0
484,2.0095348,-30.083357,0
485,6.6163445,-25.95371,0
486,5.3063626,-29.24128,0
487,7.1800847,-47.848156,0
488,-1.5622021,-43.03999,0
489,4.9429917,-52.708336,0
490,13.977192,-41.209793,0
491,17.578093,-39.044838,0
492,5.1973157,-49.006844,0
493,2.9041991,-49.92503,0
494,7.566569,-43.07586,0
495,5.934582,-51.2832,0
496,12.619152,-32.640614,0
497,19.121416,-35.77377,0
498,8.707712,-30.76089,0
499,-6.427787,-31.367767,0
500,-7.42011,28.204977,1
501,-4.1424766,33.694912,1
502,-1.9071668,50.418995,1
503,-7.4141994,30.953117,1
504,-5.8682857,24.786568,1
505,5.9854617,46.850727,1
506,2.3279128,29.647488,1
507,9.701467,36.527897,1
508,-12.254663,50.128136,1
509,2.8768768,33.71102,1
510,-2.2773235,25.744825,1
511,4.0781236,43.223843,1
512,10.812866,42.04451,1
513,-5.553412,44.987087,1
514,9.427877,37.59994,1
515,4.7318873,38.840237,1
516,-4.0180492,51.216328,1
517,-12.016724,39.765636,1
518,-8.338562,53.37913,1
519,-6.655684,51.98117,1
520,-14.925735,47.13419,1
521,-21.256895,35.17321,1
522,-2.6216233,33.927475,1
523,10.212842,41.411434,1
524,2.4813738,32.641735,1
525,-2.6022017,27.501701,1
526,-7.805875,54.028664,1
527,6.4595175,47.41278,1
528,-6.93632,34.87205,1
529,-4.3279676,36.877666,1
530,-12.632444,38.4841,1
531,-1.179274,47.47567,1
532,10.423835,42.75767,1
533,-13.624983,45.860527,1
534,-15.462024,40.421936,1
535,-11.637521,29.152798,1
536,-0.039849196,44.414104,1
537,-13.461463,37.254276,1
538,-4.1543174,37.44555,1
539,5.607997,38.081142,1
540,7.234518,47.458866,1
541,-0.42757457,29.343964,1
542,2.2800496,34.291553,1
543,-5.22399,32.545902,1
544,-6.693277,41.14787,1
545,6.536288,39.62146,1
546,-17.768187,37.269257,1
547,-10.075414,35.837055,1
548,-11.067595,38.75209,1
549,-21.469488,34.48226,1
550,-7.659718,54.00267,1
551,2.9446936,30.615297,1
552,2.6165366,51.817204,1
553,-17.988672,40.942837,1
554,-15.644565,32.413677,1
555,-8.400449,48.147312,1
556,-2.5542161,51.3228,1
557,-1.0235204,52.414776,1
558,3.6450274,31.03419,1
559,-17.990728,36.13533,1
560,0.71662164,45.24163,1
561,-7.3937864,35.276333,1
562,-4.6477857,27.067665,1
563,-9.097597,53.737885,1
564,-2.9394677,53.25229,1
565,-5.015574,51.205536,1
566,-0.3232966,45.02099,1
567,-15.1906185,45.769882,1
568,-12.096528,48.254192,1
569,-9.928175,35.102684,1
570,-6.7281337,24.997221,1
571,0.79524314,46.539536,1
572,-11.571547,38.87074,1
573,-14.289199,36.952698,1
574,2.560871,38.040176,1
575,1.6553006,42.05814,1
576,-5.3915215,37.75257,1
577,10.854121,37.399963,1
578,-4.5447187,33.639145,1
579,-17.047602,45.485004,1
580,-3.239891,51.46454,1
581,-18.56052,36.567802,1
582,3.4959793,30.699413,1
583,-2.8814895,46.83583,1
584,6.9049478,47.706833,1
585,-5.0542192,53.662395,1
586,-4.714561,45.266563,1
587,-7.9647293,36.39504,1
588,-3.602484,45.162895,1
589,8.722182,45.176117,1
590,-18.472582,38.473408,1
591,10.386121,36.32332,1
592,-13.627897,45.41976,1
593,-17.301287,31.929125,1
594,-9.336735,53.70694,1
595,-20.861874,37.653492,1
596,9.704248,45.747482,1
597,-12.544789,28.378233,1
598,4.8322587,43.02162,1
599,4.9265113,32.42451,1
600,-9.445655,31.417904,1
601,-18.533112,32.210106,1
602,6.1202416,34.419144,1
603,4.720298,51.422882,1
604,2.5912454,33.232037,1
605,6.3321457,37.935955,1
606,-5.457696,33.223717,1
607,-10.721714,31.949684,1
608,-12.622954,33.04806,1
609,6.4543967,49.25313,1
610,-3.1553392,24.344423,1
611,-11.69711,28.741493,1
612,-4.3101935,34.795258,1
613,2.8823905,51.11163,1
614,4.911726,34.185505,1
615,2.5644763,32.290024,1
616,-18.598356,37.64604,1
617,-17.155472,37.59559,1
618,-11.721571,39.342278,1
619,-20.460827,33.56266,1
620,2.7567246,39.06983,1
621,-6.9775147,53.322693,1
622,-7.4971595,52.247154,1
623,-12.857851,49.48697,1
624,5.4415917,39.77768,1
625,-16.736223,45.855415,1
626,-12.7281,33.47335,1
627,-19.516848,32.955624,1
628,2.5368304,45.01542,1
629,5.676685,51.327473,1
630,1.8686306,44.76048,1
631,1.1978947,52.200527,1
632,-17.431578,37.803703,1
633,-3.8143983,35.240208,1
634,-7.740809,29.17982,1
635,0.84368414,29.76636,1
636,-4.703491,50.07691,1
637,-20.917322,37.16818,1
638,-18.792099,35.311356,1
639,10.313068,37.93578,1
640,-21.240765,36.784092,1
641,-19.427717,38.12075,1
642,-3.0166109,28.522516,1
643,2.895228,43.481308,1
644,-3.3787506,24.577312,1
645,7.8502,45.706818,1
646,3.2633464,37.856724,1
647,9.547832,47.32246,1
648,-6.6191616,27.659872,1
649,-8.753235,30.814196,1
650,4.2488604,43.586037,1
651,0.21223909,51.85892,1
652,6.6552615,49.901173,1
653,-11.867292,49.404987,1
654,-2.289349,50.013805,1
655,-14.464925,46.074596,1
656,0.53809154,47.110992,1
657,-3.2652736,52.33305,1
658,-3.3164508,25.031715,1
659,8.201917,45.169075,1
660,-4.061215,45.621254,1
661,9.922143,35.792095,1
662,5.0617523,45.52689,1
663,4.764529,39.14882,1
664,-7.217189,29.2533,1
665,-4.9111476,44.677166,1
666,-18.630558,37.392662,1
667,-11.841855,48.9848,1
668,9.006383,45.996197,1
669,-5.5869265,44.145706,1
670,-2.529841,44.38955,1
671,-5.2150474,30.489859,1
672,-9.839357,28.00527,1
673,-10.503874,48.656548,1
674,-15.344687,28.76112,1
675,-8.189337,35.187096,1
676,-3.0396562,27.776731,1
677,1.0044414,29.698668,1
678,10.356339,38.058132,1
679,7.985843,38.263832,1
680,10.888843,41.346462,1
681,-17.875528,41.338722,1
682,-13.092495,48.03129,1
683,-17.827568,40.474724,1
684,-6.3216896,35.273525,1
685,-12.75129,39.52589,1
686,-9.296085,35.187145,1
687,-10.083135,36.796654,1
688,0.24674283,41.66242,1
689,-6.726765,29.825478,1
690,2.8514326,30.17566,1
691,-4.050861,38.039948,1
692,-3.2094405,46.35149,1
693,10.280991,37.073776,1
694,7.852556,36.012695,1
695,-4.362077,45.1806,1
696,-14.90342,28.772804,1
697,-21.263918,35.601692,1
698,-3.74229,39.283398,1
699,10.929257,39.774296,1
700,-4.395207,45.814312,1
701,-19.933681,37.565884,1
702,7.1145973,38.846493,1
703,-5.803596,33.772114,1
704,-18.072628,41.385704,1
705,0.7677564,40.30761,1
706,0.6713106,46.611465,1
707,6.2164483,33.78735,1
708,7.716851,36.62067,1
709,-17.423615,42.82252,1
710,-13.911092,29.408667,1
711,-18.618776,33.071857,1
712,-11.5004635,40.451782,1
713,10.593976,42.00023,1
714,4.15908,30.964102,1
715,7.8837805,38.629536,1
716,-8.339195,31.657568,1
717,6.8905516,39.91026,1
718,-5.6456313,36.91515,1
719,-2.053779,34.75856,1
720,-3.5440686,25.708601,1
721,-11.884932,32.146946,1
722,-14.48828,37.963646,1
723,8.978637,49.949818,1
724,-3.9656653,34.98951,1
725,5.8073864,50.34344,1
726,10.415856,41.50805,1
727,-2.5119183,27.102858,1
728,-15.929674,29.190529,1
729,8.807218,37.2244,1
730,-5.1247787,51.016125,1
731,-12.925408,28.820883,1
732,0.39904907,46.3386,1
733,4.882591,31.609522,1
734,-3.994925,43.77105,1
735,-6.0629025,37.27429,1
736,-3.2945309,24.049084,1
737,9.792745,35.536034,1
738,7.2959785,39.36586,1
739,-11.811237,39.378963,1
740,-14.571959,40.255043,1
741,7.703013,48.11123,1
742,-16.975578,39.98709,1
743,5.76756,34.2305,1
744,-18.614567,40.34084,1
745,2.0496736,52.0428,1
746,-3.6032689,44.446754,1
747,-0.1609514,50.61116,1
748,-14.226124,38.577885,1
749,-4.39199,23.795912,1
750,-4.5926213,27.733921,1
751,2.2025352,44.222984,1
752,-1.2864102,45.897312,1
753,-10.496752,35.090725,1
754,-9.425339,50.747585,1
755,6.893048,35.143227,1
756,-16.34481,45.630924,1
757,-6.376406,25.332523,1
758,-15.62172,40.99453,1
759,2.1656704,32.355778,1
760,-2.5456185,34.095364,1
761,-9.965851,29.149036,1
762,9.217893,48.145275,1
763,8.049598,50.035515,1
764,-14.069397,38.10902,1
765,-3.5037675,33.915195,1
766,-0.4778535,29.653576,1
767,-4.5170727,54.103455,1
768,10.664162,40.186573,1
769,-4.811801,38.05598,1
770,-1.9635377,49.83463,1
771,-10.540036,48.186367,1
772,-14.753451,28.585512,1
773,3.4413142,34.482788,1
774,-3.6088383,45.47769,1
775,-4.133913,44.93119,1
776,1.0187869,45.39356,1
777,-9.683424,50.12819,1
778,-9.021758,50.667717,1
779,-18.4285,34.02423,1
780,-10.013449,49.375153,1
781,-17.89838,32.847004,1
782,0.8714189,40.463795,1
783,6.88618,39.65545,1
784,-0.4148443,46.23615,1
785,8.235064,50.19874,1
786,-17.214914,44.912212,1
787,-16.117937,30.495136,1
788,-15.818851,42.09309,1
789,-12.49232,39.537064,1
790,-2.629159,51.9594,1
791,-19.244993,43.111156,1
792,-5.671576,53.499836,1
793,-4.426655,38.59035,1
794,-10.016745,48.43086,1
795,-18.173992,38.91392,1
796,-4.3693366,34.2304,1
797,-6.265801,43.840572,1
798,-11.249172,49.88867,1
799,-5.601941,37.5552,1
800,9.482879,35.924774,1
801,0.8156781,51.80736,1
802,-15.462384,29.073923,1
803,-8.744631,28.084929,1
804,-3.8910234,27.75743,1
805,-6.990486,27.810781,1
806,-10.13964,29.986982,1
807,-5.6425743,53.51317,1
808,-6.000635,28.98533,1
809,-19.20694,41.7431,1
810,-7.176162,28.25904,1
811,-6.1860967,24.762346,1
812,-20.480858,34.649017,1
813,2.1289873,30.627213,1
814,6.212347,49.532295,1
815,-1.1216023,39.260963,1
816,-3.868349,35.906925,1
817,-0.40211147,29.896584,1
818,6.533353,48.0205,1
819,-16.246471,40.686573,1
820,-6.1239653,51.528297,1
821,-21.037878,33.798573,1
822,-5.713622,53.93432,1
823,2.2183628,42.838406,1
824,10.316895,48.765762,1
825,-3.7748206,33.987926,1
826,-13.552934,35.34872,1
827,-18.238342,33.036858,1
828,2.848474,30.337168,1
829,-7.260643,51.75187,1
830,-18.056828,38.420177,1
831,3.369261,30.008972,1
832,2.8536377,37.871555,1
833,5.1175947,43.90757,1
834,-19.614027,33.286015,1
835,-0.16880448,45.388336,1
836,7.769652,40.415794,1
837,-5.600821,29.917301,1
838,-7.5838985,31.398579,1
839,-16.861559,32.400703,1
840,5.374375,49.708572,1
841,-18.581482,39.132416,1
842,10.449071,37.52967,1
843,7.5065765,50.273544,1
844,-8.18428,30.94632,1
845,3.0290983,38.413013,1
846,-10.692435,39.224014,1
847,0.56244797,40.894684,1
848,-9.888394,34.40974,1
849,-5.1101127,28.718699,1
850,-13.57296,34.040737,1
851,-4.5327415,24.585583,1
852,-4.321391,24.528904,1
853,-13.833871,38.72685,1
854,-18.096706,40.78256,1
855,-3.4308953,44.970497,1
856,-5.826062,51.540745,1
857,-5.040976,36.203533,1
858,-1.0159644,45.669224,1
859,9.805283,49.68062,1
860,5.1420445,51.32057,1
861,10.627514,39.526142,1
862,-3.9993358,52.98244,1
863,9.736865,45.11282,1
864,4.062068,51.65628,1
865,-13.452147,34.416687,1
866,-19.873545,32.781048,1
867,5.8969665,33.660957,1
868,-12.848053,31.670929,1
869,-14.125628,33.10408,1
870,-6.0497775,54.007015,1
871,-6.140179,24.713108,1
872,10.015553,35.855362,1
873,-3.28536,45.802162,1
874,-7.7713637,35.614223,1
875,-13.863378,46.35811,1
876,-18.746815,43.477985,1
877,-7.508703,34.889076,1
878,3.2560608,44.845715,1
879,-18.689564,33.984158,1
880,-11.098619,47.838913,1
881,10.378995,42.833633,1
882,2.3793843,45.266117,1
883,7.60144,38.111588,1
884,-17.417685,40.959244,1
885,4.4252944,45.583504,1
886,-17.592104,32.413727,1
887,-1.945453,26.096624,1
888,-13.179336,34.242104,1
889,-2.1739297,52.271175,1
890,8.900997,48.154613,1
891,-15.230812,45.922173,1
892,-17.775715,41.75572,1
893,-4.772153,32.856987,1
894,-10.839605,30.208456,1
895,-21.348417,36.333416,1
896,-6.660497,41.4956,1
897,6.8524647,40.64595,1
898,-4.1290984,24.86252,1
899,-0.96950746,46.351402,1
900,-6.9157767,35.850304,1
901,5.5518594,50.728703,1
902,8.162912,50.03297,1
903,2.703563,31.380566,1
904,4.342155,42.49226,1
905,-20.700312,36.177418,1
906,-0.33397597,51.84309,1
907,-9.6749,35.546654,1
908,-2.1921616,25.647686,1
909,-10.113067,49.56447,1
910,4.612244,31.843216,1
911,5.3528113,39.085575,1
912,-17.12001,32.489662,1
913,-14.121652,39.793747,1
914,-7.0044513,51.097992,1
915,-20.657835,33.46987,1
916,-7.0726743,25.512142,1
917,0.72017235,41.60503,1
918,-4.6268816,51.512806,1
919,9.265011,49.921726,1
920,-12.643852,40.002636,1
921,2.6652565,38.522438,1
922,-18.656097,42.91921,1
923,-11.195754,48.964306,1
924,-8.6378975,30.549328,1
925,2.7528255,37.19942,1
926,-0.3627716,45.68911,1
927,3.9772928,51.33801,1
928,-18.929289,42.92426,1
929,3.6311462,32.24565,1
930,-13.557323,33.721504,1
931,-3.2692275,27.475534,1
932,-2.2396216,25.712011,1
933,-2.0164075,51.280945,1
934,-19.897469,39.267807,1
935,3.3815882,43.100784,1
936,-9.483328,28.088493,1
937,-5.141959,30.309086,1
938,1.0586692,52.282604,1
939,9.802107,42.0598,1
940,-20.773954,37.21845,1
941,10.529867,38.668465,1
942,-4.1829104,33.17626,1
943,4.8099504,45.188614,1
944,7.4584413,36.247997,1
945,2.565775,36.562305,1
946,-10.854331,40.048187,1
947,10.09983,48.01994,1
948,-7.588032,52.979282,1
949,-11.594658,49.491886,1
950,-8.2717,30.803715,1
951,-6.746619,52.7211,1
952,-5.0390577,28.203661,1
953,-10.94454,49.49445,1
954,-6.437942,43.434525,1
955,6.4895196,48.52741,1
956,-5.199286,31.352583,1
957,-9.379311,30.424591,1
958,7.383787,49.415646,1
959,-5.8128204,43.561577,1
960,10.139351,47.278584,1
961,-16.965685,40.613583,1
962,-16.557552,45.722,1
963,-13.239474,44.99354,1
964,-17.640759,44.62322,1
965,-13.685996,35.905464,1
966,-1.9553308,48.464764,1
967,9.643448,36.099392,1
968,-0.260376,40.86023,1
969,-7.728386,35.416378,1
970,-7.3788905,53.83842,1
971,-5.9281254,42.56429,1
972,5.9385366,47.15962,1
973,-13.742362,48.623547,1
974,10.846962,46.56944,1
975,9.053792,47.378952,1
976,-6.7860804,41.325203,1
977,-2.9919903,27.816412,1
978,-14.50495,27.73332,1
979,-7.599686,54.0921,1
980,9.229466,45.45934,1
981,-19.328144,32.703598,1
982,-10.582068,49.47846,1
983,-1.6876951,45.79909,1
984,-10.61485,28.546755,1
985,-0.5899586,50.65712,1
986,-6.6032166,41.644024,1
987,-13.161296,32.423416,1
988,6.349192,34.652874,1
989,4.5930986,32.35084,1
990,-7.236901,36.24273,1
991,1.3877115,39.521137,1
992,-14.822886,28.349255,1
993,-18.144323,43.748634,1
994,7.2097464,40.04724,1
995,-8.017498,47.824062,1
996,-18.366419,34.843796,1
997,7.388428,47.205086,1
998,9.992728,49.39604,1
999,-6.0895495,29.117844,1
1000,19.358564,2.129158,2
1001,36.33135,-8.324881,2
1002,42.350273,-4.2133284,2
1003,31.189848,12.834184,2
1004,27.592234,7.1586084,2
1005,37.788,19.728222,2
1006,37.659554,19.463997,2
1007,49.212715,7.6125402,2
1008,46.8473,7.0661054,2
1009,49.775753,3.3052125,2
1010,47.86908,3.6336007,2
1011,33.53799,-0.4624878,2
1012,47.83199,4.7304707,2
1013,52.33271,0.9569771,2
1014,27.866388,5.719138,2
1015,32.136856,2.191049,2
1016,46.564133,3.7605739,2
1017,17.387123,-3.251516,2
1018,48.544254,4.619995,2
1019,40.04969,-2.236044,2
1020,46.710625,7.2985663,2
1021,52.660595,0.5569116,2
1022,47.388725,7.7489843,2
1023,40.357155,8.640301,2
1024,22.684755,8.657508,2
1025,34.76686,3.3250668,2
1026,28.668318,9.540948,2
1027,45.274067,-4.4246264,2
1028,40.27274,-6.697699,2
1029,31.944065,0.42218032,2
1030,22.714672,-2.7974727,2
1031,32.057896,15.592905,2
1032,18.614155,6.716563,2
1033,49.810883,5.9389696,2
1034,50.546906,7.6890883,2
1035,16.820673,-1.8550147,2
1036,32.763954,0.9491961,2
1037,48.44269,3.921813,2
1038,29.869593,11.081045,2
1039,35.18635,17.794237,2
1040,30.765438,7.844263,2
1041,35.45094,-4.139704,2
1042,42.437786,17.67304,2
1043,40.095963,20.595251,2
1044,27.38543,4.010056,2
1045,35.263466,-5.8862624,2
1046,42.7539,-4.1560674,2
1047,47.310986,-4.505783,2
1048,40.731705,9.607358,2
1049,34.83564,6.110298,2
1050,36.01129,-7.213855,2
1051,42.219276,-6.084875,2
1052,17.626627,4.1266584,2
1053,45.73846,6.283475,2
1054,51.578377,-1.3279437,2
1055,50.0221,4.160131,2
1056,49.482635,2.4588003,2
1057,45.610294,-4.9816694,2
1058,38.12358,0.79431206,2
1059,20.066687,-1.9913263,2
1060,27.030165,5.482358,2
1061,35.102135,-8.01595,2
1062,45.857388,4.7072206,2
1063,34.2844,-5.9440947,2
1064,50.925407,6.50444,2
1065,50.089695,1.2442164,2
1066,22.062479,14.301207,2
1067,16.334204,-1.3247414,2
1068,31.85186,14.447467,2
1069,22.574636,11.050543,2
1070,34.028423,0.9200359,2
1071,20.337543,2.3918521,2
1072,35.56094,18.856651,2
1073,27.81206,3.900583,2
1074,31.205313,-0.5318616,2
1075,41.304585,18.920835,2
1076,30.4414,-1.0680834,2
1077,36.97778,19.920391,2
1078,35.929256,11.916065,2
1079,19.04691,2.5074015,2
1080,45.98632,7.9176583,2
1081,26.933525,4.8372397,2
1082,17.783304,1.9204473,2
1083,31.407967,0.2797994,2
1084,36.991234,-7.56449,2
1085,47.907494,7.500884,2
1086,35.7725,11.472952,2
1087,20.68663,9.639684,2
1088,36.2313,-8.294142,2
1089,18.152266,4.749274,2
1090,28.651587,-2.2339792,2
1091,31.80599,10.8695345,2
1092,46.538006,-3.42218,2
1093,36.6841,-8.048255,2
1094,38.980015,19.729973,2
1095,39.15087,-2.0072389,2
1096,47.13552,-4.7172995,2
1097,22.56256,11.96339,2
1098,20.76551,-3.4137392,2
1099,29.888714,10.313649,2
1100,18.052412,1.5807781,2
1101,19.674011,3.2207625,2
1102,19.83122,9.845096,2
1103,29.522182,8.617636,2
1104,38.305046,-3.511868,2
1105,34.733757,-3.0078132,2
1106,41.050728,18.38764,2
1107,19.020401,1.0093876,2
1108,50.729504,6.5680428,2
1109,47.00328,3.0714164,2
1110,28.461948,3.2302303,2
1111,36.958035,13.89392,2
1112,47.443268,-4.8340063,2
1113,51.530945,6.873399,2
1114,18.620142,-1.4101833,2
1115,29.796354,-0.66790044,2
1116,39.49061,14.136852,2
1117,26.321318,4.596902,2
1118,31.547937,-0.8193073,2
1119,39.092274,6.020864,2
1120,32.313286,14.387968,2
1121,39.79167,19.664377,2
1122,48.50965,7.507558,2
1123,20.930534,-1.6487265,2
1124,20.308718,-0.18511221,2
1125,36.42388,-7.522021,2
1126,40.720837,9.678024,2
1127,37.78602,5.7281966,2
1128,47.07517,3.2141967,2
1129,36.08195,5.3058515,2
1130,23.470705,-2.476304,2
1131,34.860943,18.006432,2
1132,22.779408,-2.4087608,2
1133,33.971806,-6.397068,2
1134,30.938385,8.376716,2
1135,38.757465,-1.3930426,2
1136,34.225258,16.245922,2
1137,47.46507,-4.277977,2
1138,32.965115,2.1989067,2
1139,18.388601,2.301926,2
1140,46.24863,3.8960981,2
1141,47.96708,2.690359,2
1142,42.027702,10.529156,2
1143,33.538353,12.564349,2
1144,38.210182,20.877216,2
1145,47.87846,6.681669,2
1146,17.390032,-5.09571,2
1147,33.26688,14.028983,2
1148,38.75532,0.20194235,2
1149,52.526405,0.5968287,2
1150,18.637335,-4.9801354,2
1151,37.509914,-0.06521781,2
1152,49.152283,-2.453054,2
1153,35.63449,14.022678,2
1154,38.99303,17.702534,2
1155,31.850368,1.9185966,2
1156,22.894201,5.079092,2
1157,29.339956,0.6455858,2
1158,18.488823,5.049756,2
1159,28.366585,4.1844397,2
1160,41.555115,-3.051814,2
1161,39.524258,18.060051,2
1162,34.080193,-3.6755993,2
1163,21.032753,6.004377,2
1164,33.50867,19.171844,2
1165,36.266365,-4.7730317,2
1166,48.074726,-4.259596,2
1167,34.84758,19.401949,2
1168,18.822023,-5.315494,2
1169,26.441633,5.909497,2
1170,19.37432,1.3674234,2
1171,33.23227,1.6984904,2
1172,48.82037,-1.7391176,2
1173,48.669136,1.2949524,2
1174,17.828442,-3.3860824,2
1175,52.792576,3.0718572,2
1176,47.692734,2.990506,2
1177,31.199152,14.2889385,2
1178,28.59605,2.517217,2
1179,52.40848,-0.42044058,2
1180,20.933598,7.739445,2
1181,32.17436,13.831043,2
1182,37.306442,15.609537,2
1183,38.122784,20.556526,2
1184,17.768486,-4.943771,2
1185,41.50406,15.460155,2
1186,37.17012,-7.289151,2
1187,48.07054,-4.783322,2
1188,52.40377,1.4960961,2
1189,41.91692,-4.4031715,2
1190,18.553032,2.6670666,2
1191,19.018858,-5.3873014,2
1192,38.7266,17.649897,2
1193,21.861185,5.858627,2
1194,38.02758,5.7952614,2
1195,49.899506,0.9903301,2
1196,23.140043,10.2261095,2
1197,51.801205,0.20352659,2
1198,22.723822,6.791394,2
1199,36.900635,17.965458,2
1200,21.84386,1.5979484,2
1201,50.13681,4.2076907,2
1202,47.40805,3.4045503,2
1203,18.467957,-3.1335156,2
1204,22.179682,7.2560935,2
1205,33.657726,-5.351057,2
1206,16.929731,1.9226273,2
1207,49.483017,0.20068252,2
1208,31.747898,14.863162,2
1209,28.340393,3.3207288,2
1210,34.455044,12.7718115,2
1211,23.451344,6.2037005,2
1212,38.42975,-7.224264,2
1213,22.573324,13.559101,2
1214,37.991814,-5.9701037,2
1215,50.731148,7.0522194,2
1216,32.074024,7.3794966,2
1217,33.19962,15.178034,2
1218,17.976282,-4.0847783,2
1219,18.449215,-2.1329737,2
1220,42.313957,17.061676,2
1221,32.259872,11.830035,2
1222,37.874775,-6.005742,2
1223,42.68965,17.85761,2
1224,20.010496,-2.0839293,2
1225,38.062294,-8.159613,2
1226,38.331097,-7.514654,2
1227,18.784285,2.5162432,2
1228,37.115376,18.633326,2
1229,19.352148,-4.1661305,2
1230,35.830982,-4.655278,2
1231,33.119514,13.525817,2
1232,34.09276,-2.7261508,2
1233,48.842125,-3.8006854,2
1234,32.677055,1.8974135,2
1235,41.62252,11.208778,2
1236,26.827524,4.907486,2
1237,18.207056,-2.5737185,2
1238,36.06618,19.150661,2
1239,40.730278,16.738186,2
1240,37.36866,-6.1598034,2
1241,46.034527,-2.9617803,2
1242,40.662827,-6.3558836,2
1243,30.985035,14.256867,2
1244,29.583895,-0.23931244,2
1245,21.991573,8.233765,2
1246,41.684624,17.361414,2
1247,51.89589,0.6359407,2
1248,39.13234,19.628162,2
1249,32.45927,-5.1646748,2
1250,33.14978,11.289953,2
1251,47.924397,2.8284647,2
1252,29.740238,-1.2829152,2
1253,46.979362,7.5842566,2
1254,31.713465,8.789488,2
1255,21.239817,-3.5551016,2
1256,39.43572,14.332811,2
1257,18.532982,4.975133,2
1258,17.76379,6.6626496,2
1259,34.521828,12.983227,2
1260,52.55582,2.4561348,2
1261,34.437878,5.949512,2
1262,17.565474,-3.906761,2
1263,52.429413,2.0054178,2
1264,27.062784,3.4663208,2
1265,35.676514,17.521097,2
1266,20.420794,10.255662,2
1267,33.36789,-7.8162346,2
1268,34.761585,17.133154,2
1269,51.6729,6.3465557,2
1270,40.62925,17.254671,2
1271,51.027325,3.6833048,2
1272,21.081236,8.235457,2
1273,50.672607,3.9927068,2
1274,38.170425,-7.1844397,2
1275,36.93717,16.968456,2
1276,39.65716,17.458044,2
1277,42.01549,9.114039,2
1278,21.927334,-3.8104713,2
1279,33.542114,16.047071,2
1280,51.261894,7.1054626,2
1281,48.5834,1.8932325,2
1282,17.199791,-0.04001521,2
1283,35.665375,2.013747,2
1284,32.58868,8.365088,2
1285,39.649166,7.1498704,2
1286,33.64258,-7.3761744,2
1287,37.269135,19.78359,2
1288,31.603682,12.122595,2
1289,47.04938,4.388879,2
1290,22.012487,14.828596,2
1291,35.281685,5.6564555,2
1292,38.053345,20.398443,2
1293,31.159966,8.780681,2
1294,21.619362,6.5064964,2
1295,22.977348,14.246281,2
1296,31.661875,11.696295,2
1297,37.612076,1.2231233,2
1298,17.672398,-4.706867,2
1299,30.09586,0.60228586,2
1300,19.118269,-0.08383581,2
1301,28.510311,-2.0673065,2
1302,23.711468,11.548193,2
1303,30.478153,7.455444,2
1304,24.30019,10.941239,2
1305,49.586678,-0.43922022,2
1306,22.66187,-4.0316076,2
1307,19.206964,-1.5891793,2
1308,33.499283,1.0776876,2
1309,39.72876,20.835829,2
1310,28.905745,6.7641597,2
1311,53.898483,1.4231781,2
1312,35.48692,13.473306,2
1313,34.30836,19.126375,2
1314,49.948227,4.885917,2
1315,31.898912,13.045859,2
1316,19.45187,5.5398297,2
1317,23.591951,13.090568,2
1318,31.408224,0.00981694,2
1319,48.652412,3.4974766,2
1320,37.001114,15.759804,2
1321,46.615925,-3.4928443,2
1322,23.537022,5.8238564,2
1323,36.15756,-4.7864923,2
1324,46.22193,-3.7675176,2
1325,22.432247,5.68135,2
1326,36.538494,4.019145,2
1327,46.764263,3.464543,2
1328,20.780611,12.046063,2
1329,48.320316,4.3313084,2
1330,24.263216,14.551979,2
1331,50.23081,-0.46356526,2
1332,36.040012,5.840707,2
1333,21.571152,9.269641,2
1334,23.111597,11.930397,2
1335,32.330017,1.1354865,2
1336,42.147038,-2.5796819,2
1337,37.362186,-6.776381,2
1338,19.383549,5.4377875,2
1339,45.30576,7.9328775,2
1340,33.761414,12.421329,2
1341,30.956299,7.9847555,2
1342,48.85544,-2.3951142,2
1343,38.105408,0.6345796,2
1344,19.010498,5.274411,2
1345,50.131878,-1.813451,2
1346,27.275333,3.710711,2
1347,20.931023,8.294802,2
1348,42.64545,10.682028,2
1349,34.839634,-3.1397567,2
1350,32.6431,-7.306263,2
1351,25.41275,6.3054156,2
1352,35.637047,18.655506,2
1353,33.350082,-7.7759356,2
1354,19.120625,3.7611802,2
1355,42.759304,17.5853,2
1356,27.20673,3.5835667,2
1357,35.062035,-2.2621145,2
1358,17.754507,-0.716031,2
1359,40.97855,-6.510917,2
1360,20.057873,-0.27689987,2
1361,22.933887,7.5680294,2
1362,22.190292,13.238278,2
1363,29.823507,-1.2980515,2
1364,22.0518,3.0612845,2
1365,33.66811,-6.2796483,2
1366,38.528786,6.812083,2
1367,43.00082,10.318681,2
1368,37.507835,0.07873068,2
1369,36.298363,5.573737,2
1370,36.576305,18.990698,2
1371,22.69119,1.2783986,2
1372,38.768585,6.3882146,2
1373,18.392946,5.6401625,2
1374,29.931648,-0.783212,2
1375,33.87442,12.395084,2
1376,17.922024,6.66275,2
1377,37.08079,19.088017,2
1378,28.769966,3.995276,2
1379,20.01572,-4.0973034,2
1380,22.107296,12.177091,2
1381,49.308517,4.991845,2
1382,53.383614,0.9571972,2
1383,32.1415,9.468188,2
1384,53.397278,5.3139796,2
1385,24.69509,5.4441624,2
1386,29.894186,8.456918,2
1387,18.596544,-1.6994015,2
1388,25.262775,7.1535544,2
1389,17.462881,0.2255338,2
1390,38.303707,-2.8819418,2
1391,50.794933,2.3791163,2
1392,41.415985,14.060598,2
1393,50.421375,2.2798526,2
1394,38.381092,18.664097,2
1395,38.90882,-7.1573634,2
1396,31.50025,15.145553,2
1397,51.744457,4.881366,2
1398,27.316238,3.007345,2
1399,35.464863,-8.522407,2
1400,38.755753,19.865402,2
1401,51.913303,0.1914619,2
1402,40.13873,20.445707,2
1403,45.51493,-5.1009264,2
1404,39.050304,-2.7938182,2
1405,47.33675,6.029243,2
1406,19.080261,-4.995354,2
1407,23.073923,-1.9128872,2
1408,19.575308,1.6218636,2
1409,39.044567,18.942518,2
1410,31.363874,15.506677,2
1411,49.746822,-1.3522797,2
1412,22.256582,13.030241,2
1413,35.80818,12.188126,2
1414,39.736755,13.353256,2
1415,35.198456,12.56724,2
1416,41.24352,14.884695,2
1417,31.467974,13.568647,2
1418,24.047272,11.971219,2
1419,22.182941,1.8554293,2
1420,39.995174,20.292364,2
1421,45.1631,7.6351542,2
1422,35.97145,11.690529,2
1423,36.67914,-4.1739473,2
1424,53.649555,4.933982,2
1425,37.359566,0.95438784,2
1426,36.743477,15.442127,2
1427,20.504444,11.964183,2
1428,21.83756,-2.8428617,2
1429,28.642262,2.6579876,2
1430,53.86951,1.1729153,2
1431,51.57854,6.364357,2
1432,25.07214,12.025041,2
1433,22.189537,14.068877,2
1434,39.033302,-0.0878107,2
1435,35.4151,13.9064665,2
1436,20.218487,-2.6956656,2
1437,39.16877,-6.803298,2
1438,38.466537,-3.518794,2
1439,45.441246,2.6945164,2
1440,20.133972,6.2497463,2
1441,37.918575,-5.3985662,2
1442,33.313538,-5.8896656,2
1443,17.75374,6.4871573,2
1444,21.78878,2.022827,2
1445,28.21653,8.981382,2
1446,47.064606,-3.115826,2
1447,52.98492,0.12413782,2
1448,40.80247,8.507192,2
1449,46.383106,-4.473474,2
1450,32.895634,14.756272,2
1451,29.193893,8.71253,2
1452,36.150215,-5.520704,2
1453,41.76732,11.881292,2
1454,19.592026,-4.062604,2
1455,51.42475,-1.5664592,2
1456,42.120293,-6.227027,2
1457,24.101995,6.5299883,2
1458,34.492973,-2.9055016,2
1459,26.269144,4.9236827,2
1460,27.01557,6.9502206,2
1461,23.436266,7.445617,2
1462,36.5437,5.7711396,2
1463,47.34681,-4.183627,2
1464,21.934992,14.148526,2
1465,23.81555,-3.4922438,2
1466,33.473763,18.758118,2
1467,40.229023,14.569995,2
1468,33.37018,2.6872897,2
1469,47.5734,-3.0633893,2
1470,46.680695,-5.58296,2
1471,36.242973,4.395784,2
1472,33.202496,0.94082123,2
1473,52.014347,5.9504747,2
1474,41.22321,-2.9417295,2
1475,27.549915,4.7066097,2
1476,24.209057,12.880908,2
1477,28.264381,6.6078243,2
1478,31.533684,8.77491,2
1479,38.466637,-0.17382778,2
1480,38.35284,18.374699,2
1481,40.587708,9.373051,2
1482,38.21443,-0.718044,2
1483,41.738014,-6.1476736,2
1484,28.930155,0.71568704,2
1485,40.820084,-3.9139848,2
1486,36.43892,3.9852004,2
1487,22.1089,6.4166126,2
1488,41.24427,15.835139,2
1489,22.005798,11.057333,2
1490,17.796942,-0.64688504,2
1491,22.130257,0.86429304,2
1492,34.978695,18.551975,2
1493,32.14723,12.931399,2
1494,42.73823,10.328818,2
1495,39.507656,-1.5817485,2
1496,45.93968,-3.7787383,2
1497,23.347023,11.639888,2
1498,19.142078,-1.941213,2
1499,47.294235,-5.466584,2
1500,-50.72108,-0.75413394,3
1501,-45.288025,-10.506527,3
1502,-37.01979,-18.85218,3
1503,-37.67601,-5.864507,3
1504,-39.41462,-8.185646,3
1505,-22.45189,-9.146714,3
1506,-50.96143,-2.7369478,3
1507,-30.07803,6.5397124,3
1508,-24.523891,-19.30991,3
1509,-46.387337,-5.907609,3
1510,-28.457155,-9.837597,3
1511,-52.166393,-3.0370672,3
1512,-41.6164,4.244549,3
1513,-31.66833,-5.1706157,3
1514,-44.219707,0.72913545,3
1515,-28.379906,-6.6681743,3
1516,-36.505066,-17.032974,3
1517,-19.613768,-5.556007,3
1518,-23.162128,-2.188781,3
1519,-47.52932,-9.604042,3
1520,-33.53442,-17.984915,3
1521,-21.10636,-5.568635,3
1522,-29.495817,-13.663694,3
1523,-18.764244,-10.033851,3
1524,-23.508501,-2.531695,3
1525,-33.22293,-3.7532945,3
1526,-24.138765,-16.431818,3
1527,-44.673367,-4.9710298,3
1528,-33.82286,-5.4437237,3
1529,-21.240292,1.7016268,3
1530,-32.77487,-18.297342,3
1531,-34.19673,6.998658,3
1532,-29.225866,4.538151,3
1533,-20.693005,6.421864,3
1534,-47.311493,-0.63053197,3
1535,-27.205263,-21.14201,3
1536,-29.386183,-0.10969875,3
1537,-20.60402,-9.9465475,3
1538,-52.17921,-2.9342635,3
1539,-44.40659,-5.4577246,3
1540,-48.20923,-8.265848,3
1541,-47.910767,3.028318,3
1542,-24.929678,-19.202372,3
1543,-25.62297,-17.440025,3
1544,-30.121672,-14.945565,3
1545,-32.364315,0.85682374,3
1546,-34.580524,-14.776766,3
1547,-25.963451,-20.281704,3
1548,-22.184673,-13.924484,3
1549,-23.191982,-16.47264,3
1550,-41.783115,5.1925845,3
1551,-32.469315,-15.7685175,3
1552,-39.868206,1.8027427,3
1553,-26.1847,-17.931206,3
1554,-28.278778,-8.003245,3
1555,-29.044388,8.070506,3
1556,-34.389324,-6.816361,3
1557,-34.10617,5.466916,3
1558,-35.142868,-6.230041,3
1559,-33.829254,-18.153906,3
1560,-20.937675,-10.484608,3
1561,-29.906437,-13.986884,3
1562,-47.931305,-8.451877,3
1563,-36.744186,-18.992626,3
1564,-48.67543,2.0832245,3
1565,-20.946188,2.6428313,3
1566,-28.614172,-7.533283,3
1567,-31.711224,-12.282639,3
1568,-22.875177,4.164221,3
1569,-26.548534,-20.668818,3
1570,-46.940945,-5.4468174,3
1571,-40.446293,4.0630774,3
1572,-23.407871,-20.673714,3
1573,-22.859575,-15.379198,3
1574,-21.015844,-8.297593,3
1575,-32.272247,8.32292,3
1576,-34.04523,7.7269106,3
1577,-27.796968,-12.599324,3
1578,-23.586014,4.3170695,3
1579,-40.106705,0.8852791,3
1580,-31.899353,0.17129564,3
1581,-23.948341,2.6451857,3
1582,-25.302588,-20.556702,3
1583,-42.567627,-2.895612,3
1584,-47.407192,-3.7763016,3
1585,-48.47727,1.4604299,3
1586,-34.975983,-14.367097,3
1587,-31.926107,-4.1342163,3
1588,-24.178108,-16.975142,3
1589,-33.211437,-14.988056,3
1590,-43.65868,-3.0727394,3
1591,-32.81494,3.493387,3
1592,-28.266975,7.8687625,3
1593,-37.10887,-4.0691867,3
1594,-34.079594,-15.255092,3
1595,-38.591278,2.748104,3
1596,-19.91542,-7.1951876,3
1597,-42.000126,-6.446304,3
1598,-22.483963,-4.191637,3
1599,-20.780296,-9.526663,3
1600,-31.99097,-17.06151,3
1601,-26.757524,-6.9701514,3
1602,-38.983017,2.7575853,3
1603,-28.480057,-20.606556,3
1604,-34.78386,-5.7543244,3
1605,-25.182903,-21.181898,3
1606,-22.87362,6.344631,3
1607,-48.432247,0.3365253,3
1608,-34.445694,-18.371498,3
1609,-43.92809,-7.6738043,3
1610,-32.92473,-14.806323,3
1611,-50.383965,-0.5974496,3
1612,-25.461533,5.232014,3
1613,-31.291008,-5.87983,3
1614,-51.302593,-3.3358302,3
1615,-35.78697,3.0027883,3
1616,-28.255936,7.832913,3
1617,-28.52738,-20.428122,3
1618,-21.931433,4.841638,3
1619,-29.653025,5.4508123,3
1620,-21.670128,-7.1971908,3
1621,-43.03564,-11.02506,3
1622,-22.32598,-15.27772,3
1623,-41.585743,3.5309808,3
1624,-30.72966,5.164609,3
1625,-25.886497,7.1216097,3
1626,-30.935476,6.305452,3
1627,-34.74087,-15.08608,3
1628,-43.141644,1.7555375,3
1629,-31.690151,-3.5323272,3
1630,-33.91675,-5.173406,3
1631,-29.512247,0.67282885,3
1632,-52.19151,-1.0015981,3
1633,-30.111116,-4.601375,3
1634,-32.379993,-2.1020591,3
1635,-29.831175,6.1391478,3
1636,-47.832485,-8.7439,3
1637,-30.338821,4.750085,3
1638,-37.42463,-4.6115484,3
1639,-20.10325,-8.430162,3
1640,-22.276587,-16.772388,3
1641,-46.209835,0.94668263,3
1642,-30.768677,7.0353355,3
1643,-33.96806,7.108827,3
1644,-26.058147,-21.125586,3
1645,-46.937595,-7.139432,3
1646,-33.285793,1.860352,3
1647,-49.523937,-2.8124137,3
1648,-37.739815,-6.564566,3
1649,-31.623505,-16.534931,3
1650,-44.41639,2.6456742,3
1651,-19.655722,-6.350409,3
1652,-37.372402,-5.115117,3
1653,-33.977264,-19.408798,3
1654,-27.381277,-19.935318,3
1655,-23.362232,-18.591192,3
1656,-35.119675,-19.277042,3
1657,-45.04525,-11.104817,3
1658,-46.135403,-10.546458,3
1659,-29.994686,-8.578858,3
1660,-44.39934,-10.60893,3
1661,-44.7001,-10.626356,3
1662,-33.753223,7.485461,3
1663,-20.653625,-7.243135,3
1664,-29.571575,-14.27554,3
1665,-30.391886,-0.47929612,3
1666,-47.464912,-2.7325642,3
1667,-18.960663,-7.014277,3
1668,-35.386974,-18.604921,3
1669,-25.80692,-21.826376,3
1670,-32.549747,-3.7651794,3
1671,-46.175972,-9.531035,3
1672,-28.96202,-8.093986,3
1673,-36.670532,-18.859596,3
1674,-24.116776,-2.5168848,3
1675,-41.895084,5.628568,3
1676,-38.734943,-0.27422792,3
1677,-23.030943,-10.203424,3
1678,-18.987293,-7.4857683,3
1679,-31.869743,-15.912261,3
1680,-32.360256,-14.531489,3
1681,-45.056,-0.027419003,3
1682,-37.200943,-7.5695553,3
1683,-19.509136,-9.996122,3
1684,-21.444302,3.6902313,3
1685,-19.310326,-7.4807353,3
1686,-37.011925,-4.351297,3
1687,-28.890276,-7.7490005,3
1688,-34.38859,7.7407875,3
1689,-26.0466,-7.713916,3
1690,-19.232946,-9.823897,3
1691,-27.234756,-13.455698,3
1692,-42.922836,-6.893042,3
1693,-32.07689,-17.934626,3
1694,-31.859188,-16.562294,3
1695,-52.927174,-1.9778678,3
1696,-47.3975,-2.3432581,3
1697,-30.873184,-1.4123185,3
1698,-34.253643,-5.5599155,3
1699,-26.062227,5.0905533,3
1700,-39.726025,-4.9723744,3
1701,-38.404587,-5.1154594,3
1702,-45.295387,0.11445279,3
1703,-22.003891,5.0911245,3
1704,-44.31181,-6.5077753,3
1705,-35.2212,-13.704001,3
1706,-51.343475,-3.2181108,3
1707,-39.564297,4.0545344,3
1708,-21.798256,-5.23823,3
1709,-23.264374,5.427497,3
1710,-38.71674,2.9768012,3
1711,-43.62222,-9.978322,3
1712,-20.790705,5.6526904,3
1713,-35.88845,-16.180487,3
1714,-26.604334,-6.4719763,3
1715,-33.916298,-4.1272783,3
1716,-22.010492,-16.710485,3
1717,-38.33917,-5.5974164,3
1718,-35.817757,6.972145,3
1719,-32.976284,1.9314445,3
1720,-33.602467,0.85936594,3
1721,-45.791843,-9.383732,3
1722,-31.191616,-5.6754093,3
1723,-20.897057,5.3220177,3
1724,-33.151943,-1.7387447,3
1725,-33.540703,-19.110035,3
1726,-22.08351,-10.35444,3
1727,-21.245403,2.3536975,3
1728,-18.798847,-9.561479,3
1729,-43.720352,-0.29615012,3
1730,-25.213104,-15.532582,3
1731,-50.74485,-3.5706615,3
1732,-43.669277,1.9062543,3
1733,-29.373121,8.4024105,3
1734,-36.31874,-5.9661937,3
1735,-36.1231,-6.9301443,3
1736,-44.026283,-9.208109,3
1737,-20.76112,3.8738742,3
1738,-35.813564,-18.926275,3
1739,-26.616066,-7.0475907,3
1740,-24.704966,1.9539502,3
1741,-28.46564,-8.6868515,3
1742,-18.76386,-10.371116,3
1743,-32.154213,2.1326237,3
1744,-50.777,-3.6367717,3
1745,-23.951445,6.3279214,3
1746,-19.579576,-9.420461,3
1747,-25.43484,-16.614141,3
1748,-31.2569,1.5663987,3
1749,-36.44718,-19.135925,3
1750,-24.508184,-20.487158,3
1751,-22.211296,6.791428,3
1752,-27.923191,-20.218906,3
1753,-33.81944,4.1808763,3
1754,-21.007292,4.8872714,3
1755,-32.338146,8.070424,3
1756,-33.33715,-18.673834,3
1757,-23.924538,6.886049,3
1758,-21.955145,3.0477757,3
1759,-42.927555,-9.307023,3
1760,-20.487148,-6.271891,3
1761,-25.301214,-20.893585,3
1762,-29.12383,5.3517375,3
1763,-33.908985,4.832906,3
1764,-25.001762,-15.255432,3
1765,-38.759445,-0.6630892,3
1766,-41.6987,-3.0868783,3
1767,-35.56868,2.5151792,3
1768,-31.408352,7.9499707,3
1769,-44.71767,-3.972854,3
1770,-34.698772,-14.678398,3
1771,-29.126162,-14.630957,3
1772,-45.9914,0.8277589,3
1773,-33.16921,-2.907056,3
1774,-27.682083,-12.022007,3
1775,-51.079292,-0.78560495,3
1776,-27.533068,6.512393,3
1777,-31.429924,-3.418221,3
1778,-21.902124,-10.703592,3
1779,-29.101973,-6.599856,3
1780,-32.673637,-15.544847,3
1781,-40.993114,-7.486311,3
1782,-44.86615,-5.6187725,3
1783,-21.491621,-11.019216,3
1784,-45.47735,-8.970654,3
1785,-44.906162,-4.3437138,3
1786,-25.499094,-15.700436,3
1787,-41.998642,-3.8717623,3
1788,-51.60238,-0.27064854,3
1789,-23.391916,-20.635126,3
1790,-45.10222,-4.6969943,3
1791,-43.965702,0.74124473,3
1792,-39.208015,4.362427,3
1793,-27.097383,-9.617058,3
1794,-44.019573,-9.892363,3
1795,-38.038876,3.1605904,3
1796,-51.009922,-1.2521892,3
1797,-22.046568,6.6746798,3
1798,-21.69586,6.416583,3
1799,-44.226437,-7.1607447,3
1800,-24.4204,6.260834,3
1801,-31.374138,-12.410006,3
1802,-23.271502,-20.210022,3
1803,-21.90107,-11.773542,3
1804,-26.025854,7.350932,3
1805,-37.235744,-7.696595,3
1806,-40.134953,0.8365899,3
1807,-38.7813,-0.680088,3
1808,-24.305294,-17.639238,3
1809,-41.595013,-7.996871,3
1810,-35.694798,-18.349485,3
1811,-38.27938,1.0925976,3
1812,-43.173622,1.893491,3
1813,-45.427937,-7.4685626,3
1814,-22.833168,4.8074594,3
1815,-25.975368,4.73556,3
1816,-23.20659,-10.152358,3
1817,-22.508705,-17.39132,3
1818,-49.001522,2.0363555,3
1819,-25.700403,-22.069277,3
1820,-47.026085,-6.279951,3
1821,-23.08956,-4.8539815,3
1822,-40.375267,0.772278,3
1823,-24.58396,-20.860138,3
1824,-34.17777,6.614577,3
1825,-30.439985,8.587731,3
1826,-46.73207,1.2068219,3
1827,-44.449917,-9.789781,3
1828,-50.714058,-0.8850666,3
1829,-38.743137,-0.56524897,3
1830,-51.19745,-2.4749131,3
1831,-35.052032,6.3892403,3
1832,-42.842148,2.2829638,3
1833,-22.545078,1.5512867,3
1834,-22.055082,2.4469867,3
1835,-31.13225,-5.014133,3
1836,-27.770426,5.569319,3
1837,-46.525158,-4.3941126,3
1838,-39.65977,0.5571357,3
1839,-26.43979,6.059367,3
1840,-28.192095,-20.462328,3
1841,-41.77513,-7.88762,3
1842,-20.786499,-9.983756,3
1843,-39.78254,-4.956018,3
1844,-28.659481,7.6405563,3
1845,-48.450386,-1.3738021,3
1846,-26.11079,-10.520497,3
1847,-28.001736,-20.90613,3
1848,-52.09405,-3.60609,3
1849,-23.146063,5.9296765,3
1850,-34.316418,4.6679573,3
1851,-42.431572,-7.386267,3
1852,-46.1586,-10.494402,3
1853,-35.147297,-19.078382,3
1854,-23.234488,-0.46210155,3
1855,-22.575996,-14.409409,3
1856,-33.01571,-0.040669587,3
1857,-32.273838,-1.6565715,3
1858,-31.033737,8.355006,3
1859,-43.684788,-0.42994866,3
1860,-34.729053,-7.345496,3
1861,-30.837822,5.288328,3
1862,-37.750645,-7.2032876,3
1863,-21.531376,4.3663287,3
1864,-21.870388,5.6200237,3
1865,-20.724474,6.434844,3
1866,-23.184378,-9.5092945,3
1867,-24.716303,4.6692514,3
1868,-29.705242,7.8500724,3
1869,-23.060308,0.07574922,3
1870,-33.64168,-3.753065,3
1871,-30.820456,3.2571466,3
1872,-46.592823,-5.332151,3
1873,-33.49004,-19.279709,3
1874,-33.603207,1.6297369,3
1875,-23.017803,-16.839655,3
1876,-33.169838,2.341047,3
1877,-52.195217,-1.3175472,3
1878,-26.858309,-19.90756,3
1879,-41.737762,4.757862,3
1880,-20.496151,5.7002397,3
1881,-34.601597,-5.3093734,3
1882,-34.09401,3.327455,3
1883,-35.528107,-13.517119,3
1884,-31.748034,-11.8864565,3
1885,-22.883114,-5.494812,3
1886,-27.385609,-15.518513,3
1887,-48.86934,2.068487,3
1888,-23.00342,-15.441993,3
1889,-25.045923,6.7139177,3
1890,-34.901646,-6.422329,3
1891,-30.631758,-15.150841,3
1892,-36.444054,-18.374933,3
1893,-34.530586,-7.6190248,3
1894,-23.545528,-5.5425076,3
1895,-22.554625,-5.2812223,3
1896,-25.393652,3.5431693,3
1897,-24.344164,-17.744358,3
1898,-34.706028,6.232536,3
1899,-25.314285,5.742081,3
1900,-26.755043,-10.888908,3
1901,-20.257885,-10.15567,3
1902,-21.671112,-10.523789,3
1903,-33.596554,4.14769,3
1904,-19.72732,-8.651675,3
1905,-20.05472,-6.1946483,3
1906,-24.894983,2.5784461,3
1907,-36.17207,7.2370477,3
1908,-25.594147,-17.62014,3
1909,-27.776335,5.7836103,3
1910,-40.546776,-8.555037,3
1911,-24.567286,-3.52503,3
1912,-23.920486,5.131182,3
1913,-48.53532,2.417638,3
1914,-25.087606,4.1441917,3
1915,-21.044258,-4.7110047,3
1916,-20.829477,-7.5166903,3
1917,-22.56109,-5.0684505,3
1918,-43.3433,2.8896315,3
1919,-28.792501,-6.153885,3
1920,-36.384808,-17.306473,3
1921,-46.1111,-5.0874834,3
1922,-28.178774,-12.9849825,3
1923,-24.9379,-20.41029,3
1924,-29.867619,-9.043208,3
1925,-40.378727,1.4856807,3
1926,-29.874199,1.5953287,3
1927,-31.490799,-15.944918,3
1928,-37.40647,3.0931563,3
1929,-34.14425,-4.325836,3
1930,-48.431595,-0.28843454,3
1931,-23.454071,-3.3154237,3
1932,-33.72108,3.5732033,3
1933,-40.950764,5.782542,3
1934,-32.989452,8.022004,3
1935,-27.039722,-12.423995,3
1936,-40.703323,3.919034,3
1937,-47.9736,2.2016935,3
1938,-28.39341,-6.3937235,3
1939,-26.885025,-6.263106,3
1940,-48.60911,-0.66608125,3
1941,-52.360184,-2.2594469,3
1942,-18.602642,-9.255831,3
1943,-27.132734,-12.354127,3
1944,-39.627666,1.2741575,3
1945,-24.739935,-21.311226,3
1946,-32.674706,1.1884314,3
1947,-36.69557,-7.2519007,3
1948,-37.465485,2.2478771,3
1949,-35.01039,7.3639183,3
1950,-23.979412,-15.558851,3
1951,-47.736248,-1.0202183,3
1952,-38.73118,-5.5161896,3
1953,-44.48443,1.9869876,3
1954,-33.510735,-6.1538773,3
1955,-43.347507,-9.527308,3
1956,-45.054005,-8.98246,3
1957,-46.86444,-9.399718,3
1958,-29.489452,0.6486857,3
1959,-28.513632,-20.713467,3
1960,-29.690111,4.1319485,3
1961,-40.82611,5.8231983,3
1962,-26.892591,-13.978075,3
1963,-27.15373,7.6813602,3
1964,-48.23074,0.617134,3
1965,-23.474924,-18.675596,3
1966,-24.522533,-2.689739,3
1967,-52.030197,-0.55343515,3
1968,-48.550583,0.86669743,3
1969,-44.104877,-11.189821,3
1970,-32.021065,2.7335742,3
1971,-44.957294,-10.549689,3
1972,-25.867062,7.4994764,3
1973,-22.22462,-4.915423,3
1974,-23.699383,3.7804286,3
1975,-28.515543,-14.092881,3
1976,-21.58802,-11.780895,3
1977,-48.80546,-1.6653184,3
1978,-43.8987,-4.816156,3
1979,-22.884518,-4.2650023,3
1980,-42.86768,-2.3980124,3
1981,-45.1619,-7.0720263,3
1982,-46.772358,-9.353957,3
1983,-51.8363,-0.88390774,3
1984,-19.048384,-8.496783,3
1985,-28.727543,-13.431871,3
1986,-22.668228,-14.861605,3
1987,-44.702347,-3.9633398,3
1988,-24.32657,2.1181352,3
1989,-32.67577,8.1641655,3
1990,-27.218578,-4.6793613,3
1991,-46.370728,-8.813684,3
1992,-34.173115,-6.0727525,3
1993,-24.455515,-10.553888,3
1994,-29.907019,0.90181977,3
1995,-34.616013,3.6170025,3
1996,-26.022867,-15.997392,3
1997,-42.074863,-3.7183726,3
1998,-43.977955,0.8368614,3
1999,-37.002113,-3.8707747,3
